season_year,iso_week,defense_team,opponent_team,position,points_allowed_ppr,points_allowed_halfppr,points_allowed_nonppr
2024,1,1,4,QB,31.18,31.18,31.18
2024,1,1,4,RB/WR/TE,63.699999999999996,54.699999999999996,45.699999999999996
2024,1,10,28,QB,17.84,17.84,17.84
2024,1,10,28,RB/WR/TE,58.8,49.8,40.8
2024,1,11,17,QB,14.68,14.68,14.68
2024,1,11,17,RB/WR/TE,86.0,69.0,52.0
2024,1,12,26,QB,16.42,16.42,16.42
2024,1,12,26,RB/WR/TE,82.9,72.9,62.9
2024,1,13,14,QB,26.08,26.08,26.08
2024,1,13,14,RB/WR/TE,53.0,48.5,44.0
2024,1,14,13,QB,18.66,18.66,18.66
2024,1,14,13,RB/WR/TE,85.6,73.6,61.6
2024,1,15,20,QB,18.62,18.62,18.62
2024,1,15,20,RB/WR/TE,75.8,64.3,52.8
2024,1,16,3,QB,25.12,25.12,25.12
2024,1,16,3,RB/WR/TE,71.6,58.6,45.6
2024,1,17,11,QB,11.38,11.38,11.38
2024,1,17,11,RB/WR/TE,73.3,64.3,55.3
2024,1,18,19,QB,10.78,10.78,10.78
2024,1,18,19,RB/WR/TE,62.3,49.8,37.3
2024,1,19,18,QB,10.36,10.36,10.36
2024,1,19,18,RB/WR/TE,60.4,51.9,43.4
2024,1,2,27,QB,11.96,11.96,11.96
2024,1,2,27,RB/WR/TE,41.4,32.900000000000006,24.400000000000002
2024,1,20,15,QB,11.28,11.28,11.28
2024,1,20,15,RB/WR/TE,50.199999999999996,44.2,38.2
2024,1,21,24,QB,4.94,4.94,4.94
2024,1,21,24,RB/WR/TE,47.3,36.3,25.3
2024,1,22,7,QB,8.06,8.06,8.06
2024,1,22,7,RB/WR/TE,46.9,36.4,25.900000000000002
2024,1,23,5,QB,10.14,10.14,10.14
2024,1,23,5,RB/WR/TE,31.2,24.7,18.2
2024,1,24,21,QB,14.62,14.62,14.62
2024,1,24,21,RB/WR/TE,66.6,57.1,47.6
2024,1,25,29,QB,10.24,10.24,10.24
2024,1,25,29,RB/WR/TE,71.7,62.2,52.7
2024,1,26,12,QB,16.4,16.4,16.4
2024,1,26,12,RB/WR/TE,77.30000000000001,68.80000000000001,60.3
2024,1,27,2,QB,4.2,4.2,4.2
2024,1,27,2,RB/WR/TE,46.4,38.4,30.400000000000002
2024,1,28,10,QB,9.06,9.06,9.06
2024,1,28,10,RB/WR/TE,46.4,33.4,20.4
2024,1,29,25,QB,14.759999999999998,14.759999999999998,14.759999999999998
2024,1,29,25,RB/WR/TE,61.599999999999994,52.1,42.6
2024,1,3,16,QB,15.14,14.64,14.14
2024,1,3,16,RB/WR/TE,72.8,63.300000000000004,53.800000000000004
2024,1,30,32,QB,28.28,28.28,28.28
2024,1,30,32,RB/WR/TE,47.4,38.9,30.4
2024,1,31,6,QB,5.22,5.22,5.22
2024,1,31,6,RB/WR/TE,30.200000000000003,23.2,16.2
2024,1,32,30,QB,29.82,29.82,29.82
2024,1,32,30,RB/WR/TE,87.1,75.1,63.099999999999994
2024,1,4,1,QB,14.18,14.18,14.18
2024,1,4,1,RB/WR/TE,55.9,45.4,34.9
2024,1,5,23,QB,21.7,21.7,21.7
2024,1,5,23,RB/WR/TE,85.3,75.8,66.3
2024,1,6,31,QB,6.68,6.68,6.68
2024,1,6,31,RB/WR/TE,54.1,44.6,35.1
2024,1,7,22,QB,8.04,8.04,8.04
2024,1,7,22,RB/WR/TE,46.9,39.4,31.9
2024,1,8,9,QB,11.360000000000001,11.360000000000001,11.360000000000001
2024,1,8,9,RB/WR/TE,60.1,50.6,41.1
2024,1,9,8,QB,10.66,10.66,10.66
2024,1,9,8,RB/WR/TE,58.3,46.3,34.300000000000004
2024,2,1,17,QB,6.64,6.64,6.64
2024,2,1,17,RB/WR/TE,51.9,42.4,32.9
2024,2,10,27,QB,11.38,11.38,11.38
2024,2,10,27,RB/WR/TE,42.3,35.8,29.299999999999997
2024,2,11,30,QB,18.8,18.8,18.8
2024,2,11,30,RB/WR/TE,40.099999999999994,34.099999999999994,28.099999999999998
2024,2,12,14,QB,9.86,9.86,9.86
2024,2,12,14,RB/WR/TE,53.7,45.2,36.7
2024,2,13,6,QB,7.4,7.4,7.4
2024,2,13,6,RB/WR/TE,49.2,37.7,26.2
2024,2,14,12,QB,12.98,12.98,12.98
2024,2,14,12,RB/WR/TE,51.3,45.3,39.3
2024,2,15,8,QB,15.34,15.34,15.34
2024,2,15,8,RB/WR/TE,52.2,41.2,30.2
2024,2,16,7,QB,17.12,17.12,17.12
2024,2,16,7,RB/WR/TE,67.4,55.9,44.4
2024,2,17,1,QB,26.74,26.74,26.74
2024,2,17,1,RB/WR/TE,91.2,82.7,74.2
2024,2,18,5,QB,1.96,1.96,1.96
2024,2,18,5,RB/WR/TE,34.8,25.8,16.8
2024,2,19,3,QB,16.38,16.38,16.38
2024,2,19,3,RB/WR/TE,68.5,58.0,47.5
2024,2,2,26,QB,23.86,23.86,23.86
2024,2,2,26,RB/WR/TE,58.7,47.2,35.699999999999996
2024,2,20,4,QB,9.66,9.66,9.66
2024,2,20,4,RB/WR/TE,55.6,49.1,42.6
2024,2,21,29,QB,13.96,13.96,13.96
2024,2,21,29,RB/WR/TE,80.9,66.9,52.9
2024,2,22,28,QB,17.88,17.88,17.88
2024,2,22,28,RB/WR/TE,81.5,65.0,48.49999999999999
2024,2,23,9,QB,13.120000000000001,13.120000000000001,13.120000000000001
2024,2,23,9,RB/WR/TE,69.4,55.4,41.4
2024,2,24,32,QB,13.48,13.48,13.48
2024,2,24,32,RB/WR/TE,62.8,51.3,39.8
2024,2,25,31,QB,11.48,11.48,11.48
2024,2,25,31,RB/WR/TE,59.4,49.9,40.4
2024,2,26,2,QB,17.54,17.54,17.54
2024,2,26,2,RB/WR/TE,71.4,61.4,51.4
2024,2,27,10,QB,8.26,8.26,8.26
2024,2,27,10,RB/WR/TE,48.3,38.3,28.3
2024,2,28,22,QB,10.56,10.56,10.56
2024,2,28,22,RB/WR/TE,59.8,52.3,44.8
2024,2,29,21,QB,19.92,19.92,19.92
2024,2,29,21,RB/WR/TE,65.2,56.7,48.2
2024,2,3,19,QB,12.94,12.94,12.94
2024,2,3,19,RB/WR/TE,72.4,57.4,42.4
2024,2,30,11,QB,8.78,8.78,8.78
2024,2,30,11,RB/WR/TE,84.1,67.1,50.1
2024,2,31,25,QB,15.14,15.14,15.14
2024,2,31,25,RB/WR/TE,63.6,54.6,45.6
2024,2,32,24,QB,18.32,18.32,18.32
2024,2,32,24,RB/WR/TE,59.6,51.6,43.6
2024,2,4,20,QB,9.1,9.1,9.1
2024,2,4,20,RB/WR/TE,65.3,52.8,40.3
2024,2,5,18,QB,11.0,11.0,11.0
2024,2,5,18,RB/WR/TE,65.1,58.1,51.1
2024,2,6,13,QB,14.3,14.3,14.3
2024,2,6,13,RB/WR/TE,60.6,49.1,37.6
2024,2,7,16,QB,12.94,12.94,12.94
2024,2,7,16,RB/WR/TE,55.1,46.1,37.1
2024,2,8,15,QB,13.3,13.3,13.3
2024,2,8,15,RB/WR/TE,50.2,43.2,36.2
2024,2,9,23,QB,21.419999999999998,21.419999999999998,21.419999999999998
2024,2,9,23,RB/WR/TE,84.6,79.1,73.6
2024,3,1,11,QB,12.96,12.96,12.96
2024,3,1,11,RB/WR/TE,72.8,63.8,54.8
2024,3,10,30,QB,8.64,8.64,8.64
2024,3,10,30,RB/WR/TE,54.7,42.2,29.7
2024,3,11,1,QB,14.78,14.78,14.78
2024,3,11,1,RB/WR/TE,50.9,40.4,29.9
2024,3,12,31,QB,13.6,13.6,13.6
2024,3,12,31,RB/WR/TE,66.1,53.1,40.1
2024,3,13,21,QB,23.24,23.24,23.24
2024,3,13,21,RB/WR/TE,70.9,62.400000000000006,53.9
2024,3,14,6,QB,17.32,17.32,17.32
2024,3,14,6,RB/WR/TE,86.8,70.3,53.8
2024,3,15,4,QB,30.94,30.94,30.94
2024,3,15,4,RB/WR/TE,94.5,82.5,70.5
2024,3,16,2,QB,11.1,11.1,11.1
2024,3,16,2,RB/WR/TE,62.8,52.8,42.8
2024,3,17,29,QB,22.599999999999998,22.599999999999998,22.599999999999998
2024,3,17,29,RB/WR/TE,79.60000000000001,68.6,57.6
2024,3,18,27,QB,18.4,18.4,18.4
2024,3,18,27,RB/WR/TE,66.3,53.8,41.3
2024,3,19,5,QB,24.56,24.56,24.56
2024,3,19,5,RB/WR/TE,95.2,82.2,69.2
2024,3,2,16,QB,16.38,16.38,16.38
2024,3,2,16,RB/WR/TE,70.8,57.8,44.800000000000004
2024,3,20,28,QB,11.0,11.0,11.0
2024,3,20,28,RB/WR/TE,82.19999999999999,69.19999999999999,56.199999999999996
2024,3,21,13,QB,12.96,12.96,12.96
2024,3,21,13,RB/WR/TE,67.82000000000001,53.82,39.82
2024,3,22,25,QB,21.04,21.04,21.04
2024,3,22,25,RB/WR/TE,84.60000000000001,71.10000000000001,57.6
2024,3,23,26,QB,11.06,11.06,11.06
2024,3,23,26,RB/WR/TE,87.10000000000001,72.60000000000001,58.1
2024,3,24,8,QB,14.54,14.54,14.54
2024,3,24,8,RB/WR/TE,56.800000000000004,46.300000000000004,35.800000000000004
2024,3,25,22,QB,6.0,6.0,6.0
2024,3,25,22,RB/WR/TE,33.2,25.2,17.2
2024,3,26,23,QB,7.98,7.98,7.98
2024,3,26,23,RB/WR/TE,42.800000000000004,35.800000000000004,28.8
2024,3,27,18,QB,9.96,9.96,9.96
2024,3,27,18,RB/WR/TE,41.0,34.0,27.0
2024,3,28,20,QB,8.04,8.04,8.04
2024,3,28,20,RB/WR/TE,45.2,35.2,25.2
2024,3,29,17,QB,12.96,12.96,12.96
2024,3,29,17,RB/WR/TE,65.5,57.5,49.5
2024,3,3,9,QB,30.86,30.36,29.86
2024,3,3,9,RB/WR/TE,79.3,65.8,52.3
2024,3,30,10,QB,19.5,19.5,19.5
2024,3,30,10,RB/WR/TE,59.9,47.4,34.9
2024,3,31,12,QB,25.38,25.38,25.38
2024,3,31,12,RB/WR/TE,52.5,46.0,39.5
2024,3,32,7,QB,25.36,25.36,25.36
2024,3,32,7,RB/WR/TE,97.4,82.9,68.4
2024,3,4,15,QB,9.7,9.7,9.7
2024,3,4,15,RB/WR/TE,59.5,46.5,33.5
2024,3,5,19,QB,19.240000000000002,19.240000000000002,19.240000000000002
2024,3,5,19,RB/WR/TE,78.7,65.2,51.699999999999996
2024,3,6,14,QB,5.08,5.08,5.08
2024,3,6,14,RB/WR/TE,57.3,52.3,47.3
2024,3,7,32,QB,28.06,28.06,28.06
2024,3,7,32,RB/WR/TE,77.3,66.8,56.3
2024,3,8,24,QB,21.94,21.94,21.94
2024,3,8,24,RB/WR/TE,70.8,58.800000000000004,46.800000000000004
2024,3,9,3,QB,25.98,25.98,25.98
2024,3,9,3,RB/WR/TE,66.9,60.9,54.900000000000006
2024,4,1,32,QB,22.02,22.02,22.02
2024,4,1,32,RB/WR/TE,90.2,77.2,64.2
2024,4,10,25,QB,10.76,10.76,10.76
2024,4,10,25,RB/WR/TE,45.2,33.7,22.2
2024,4,11,28,QB,21.12,21.12,21.12
2024,4,11,28,RB/WR/TE,108.0,89.0,70.0
2024,4,12,21,QB,19.98,19.98,19.98
2024,4,12,21,RB/WR/TE,79.69999999999999,70.2,60.699999999999996
2024,4,13,15,QB,16.44,16.44,16.44
2024,4,13,15,RB/WR/TE,62.699999999999996,53.699999999999996,44.7
2024,4,14,27,QB,31.74,31.74,31.74
2024,4,14,27,RB/WR/TE,62.3,51.8,41.3
2024,4,15,13,QB,23.9,23.9,23.9
2024,4,15,13,RB/WR/TE,89.2,75.7,62.2
2024,4,16,18,QB,11.16,11.16,11.16
2024,4,16,18,RB/WR/TE,45.4,37.4,29.4
2024,4,17,6,QB,11.6,11.6,11.6
2024,4,17,6,RB/WR/TE,62.9,54.4,45.9
2024,4,18,16,QB,13.0,13.0,13.0
2024,4,18,16,RB/WR/TE,62.4,52.900000000000006,43.400000000000006
2024,4,19,8,QB,12.24,12.24,12.24
2024,4,19,8,RB/WR/TE,53.6,41.6,29.6
2024,4,2,23,QB,8.06,8.06,8.06
2024,4,2,23,RB/WR/TE,82.5,68.5,54.5
2024,4,20,31,QB,3.5999999999999996,3.5999999999999996,3.5999999999999996
2024,4,20,31,RB/WR/TE,48.0,42.0,36.0
2024,4,21,12,QB,26.24,26.24,26.24
2024,4,21,12,RB/WR/TE,103.2,87.2,71.2
2024,4,22,29,QB,13.66,13.66,13.66
2024,4,22,29,RB/WR/TE,64.10000000000001,57.1,50.1
2024,4,23,2,QB,7.52,7.52,7.52
2024,4,23,2,RB/WR/TE,53.6,43.1,32.6
2024,4,24,9,QB,16.74,16.74,16.74
2024,4,24,9,RB/WR/TE,64.2,53.2,42.2
2024,4,25,10,QB,6.7,6.7,6.7
2024,4,25,10,RB/WR/TE,34.3,28.3,22.299999999999997
2024,4,26,30,QB,28.88,28.88,28.88
2024,4,26,30,RB/WR/TE,92.8,77.8,62.800000000000004
2024,4,27,14,QB,20.36,20.36,20.36
2024,4,27,14,RB/WR/TE,71.4,61.9,52.4
2024,4,28,11,QB,27.18,26.68,26.18
2024,4,28,11,RB/WR/TE,89.0,80.0,71.0
2024,4,29,22,QB,6.86,6.86,6.86
2024,4,29,22,RB/WR/TE,46.2,36.7,27.2
2024,4,3,4,QB,7.38,7.38,7.38
2024,4,3,4,RB/WR/TE,46.5,38.0,29.5
2024,4,30,26,QB,16.32,16.32,16.32
2024,4,30,26,RB/WR/TE,49.1,40.1,31.1
2024,4,31,20,QB,11.84,11.84,11.84
2024,4,31,20,RB/WR/TE,30.2,23.2,16.2
2024,4,32,1,QB,9.98,9.98,9.98
2024,4,32,1,RB/WR/TE,58.7,50.7,42.7
2024,4,4,3,QB,23.68,23.68,23.68
2024,4,4,3,RB/WR/TE,75.30000000000001,68.30000000000001,61.300000000000004
2024,4,5,7,QB,16.28,16.28,16.28
2024,4,5,7,RB/WR/TE,83.8,72.8,61.8
2024,4,6,17,QB,4.86,4.86,4.86
2024,4,6,17,RB/WR/TE,60.4,50.4,40.4
2024,4,7,5,QB,15.7,15.7,15.7
2024,4,7,5,RB/WR/TE,79.6,67.1,54.6
2024,4,8,19,QB,11.0,11.0,11.0
2024,4,8,19,RB/WR/TE,52.5,45.5,38.5
2024,4,9,24,QB,9.54,9.54,9.54
2024,4,9,24,RB/WR/TE,61.800000000000004,47.300000000000004,32.8
2024,5,1,29,QB,13.06,13.06,13.06
2024,5,1,29,RB/WR/TE,59.099999999999994,49.599999999999994,40.1
2024,5,10,19,QB,9.44,9.44,9.44
2024,5,10,19,RB/WR/TE,66.4,55.4,44.4
2024,5,12,17,QB,12.2,12.2,12.2
2024,5,12,17,RB/WR/TE,76.9,62.9,48.9
2024,5,13,4,QB,12.84,12.84,12.84
2024,5,13,4,RB/WR/TE,45.5,41.0,36.5
2024,5,14,15,QB,27.04,27.04,27.04
2024,5,14,15,RB/WR/TE,93.4,79.4,65.4
2024,5,15,14,QB,26.64,26.64,26.64
2024,5,15,14,RB/WR/TE,105.16,88.16,71.16
2024,5,16,23,QB,14.379999999999999,14.379999999999999,14.379999999999999
2024,5,16,23,RB/WR/TE,53.7,43.7,33.699999999999996
2024,5,17,12,QB,15.96,15.96,15.96
2024,5,17,12,RB/WR/TE,67.0,59.5,52.0
2024,5,19,10,QB,23.14,23.14,23.14
2024,5,19,10,RB/WR/TE,61.6,52.1,42.6
2024,5,2,30,QB,23.4,23.4,23.4
2024,5,2,30,RB/WR/TE,64.8,55.3,45.8
2024,5,20,22,QB,7.4,7.4,7.4
2024,5,20,22,RB/WR/TE,54.4,45.4,36.4
2024,5,21,25,QB,11.76,11.76,11.76
2024,5,21,25,RB/WR/TE,69.0,54.5,40.0
2024,5,22,20,QB,6.46,6.46,6.46
2024,5,22,20,RB/WR/TE,65.6,56.6,47.6
2024,5,23,16,QB,12.84,12.84,12.84
2024,5,23,16,RB/WR/TE,83.4,69.4,55.4
2024,5,24,28,QB,22.56,22.56,22.56
2024,5,24,28,RB/WR/TE,63.4,49.4,35.4
2024,5,25,21,QB,5.18,5.18,5.18
2024,5,25,21,RB/WR/TE,48.5,41.0,33.5
2024,5,27,9,QB,16.38,16.38,16.38
2024,5,27,9,RB/WR/TE,87.1,72.6,58.1
2024,5,28,24,QB,28.08,28.08,28.08
2024,5,28,24,RB/WR/TE,72.4,60.9,49.4
2024,5,29,1,QB,24.1,24.1,24.1
2024,5,29,1,RB/WR/TE,53.1,43.6,34.1
2024,5,3,7,QB,33.78,33.78,33.78
2024,5,3,7,RB/WR/TE,106.19999999999999,91.19999999999999,76.2
2024,5,30,2,QB,34.52,34.52,34.52
2024,5,30,2,RB/WR/TE,124.6,103.6,82.6
2024,5,32,8,QB,8.74,8.74,8.74
2024,5,32,8,RB/WR/TE,45.4,37.4,29.4
2024,5,4,13,QB,15.94,15.94,15.94
2024,5,4,13,RB/WR/TE,79.8,65.8,51.8
2024,5,5,6,QB,23.16,23.16,23.16
2024,5,5,6,RB/WR/TE,90.2,80.2,70.2
2024,5,6,5,QB,7.18,7.18,7.18
2024,5,6,5,RB/WR/TE,55.2,43.7,32.2
2024,5,7,3,QB,32.94,32.94,32.94
2024,5,7,3,RB/WR/TE,101.6,88.6,75.6
2024,5,8,32,QB,20.44,19.94,19.44
2024,5,8,32,RB/WR/TE,73.1,66.1,59.1
2024,5,9,27,QB,16.46,16.46,16.46
2024,5,9,27,RB/WR/TE,48.3,40.3,32.3
2024,6,1,12,QB,25.62,25.62,25.62
2024,6,1,12,RB/WR/TE,88.4,77.4,66.4
2024,6,10,18,QB,13.68,13.68,13.68
2024,6,10,18,RB/WR/TE,69.3,58.8,48.3
2024,6,11,9,QB,3.2600000000000002,3.2600000000000002,3.2600000000000002
2024,6,11,9,RB/WR/TE,48.400000000000006,35.9,23.4
2024,6,12,1,QB,12.18,12.18,12.18
2024,6,12,1,RB/WR/TE,53.400000000000006,42.4,31.4
2024,6,13,22,QB,19.52,19.52,19.52
2024,6,13,22,RB/WR/TE,64.7,54.699999999999996,44.699999999999996
2024,6,14,31,QB,7.46,7.46,7.46
2024,6,14,31,RB/WR/TE,51.0,43.0,35.0
2024,6,15,6,QB,28.38,28.38,28.38
2024,6,15,6,RB/WR/TE,85.60000000000001,74.10000000000001,62.6
2024,6,18,10,QB,20.74,20.74,20.74
2024,6,18,10,RB/WR/TE,55.5,46.0,36.5
2024,6,19,27,QB,23.1,23.1,23.1
2024,6,19,27,RB/WR/TE,47.4,40.4,33.4
2024,6,2,5,QB,15.02,15.02,15.02
2024,6,2,5,RB/WR/TE,70.60000000000001,57.6,44.6
2024,6,22,13,QB,18.18,18.18,18.18
2024,6,22,13,RB/WR/TE,87.89999999999999,77.89999999999999,67.89999999999999
2024,6,23,30,QB,25.54,25.54,25.54
2024,6,23,30,RB/WR/TE,116.9,104.9,92.9
2024,6,24,7,QB,19.82,19.82,19.82
2024,6,24,7,RB/WR/TE,50.4,40.9,31.4
2024,6,25,4,QB,24.4,24.4,24.4
2024,6,25,4,RB/WR/TE,65.6,56.1,46.6
2024,6,26,8,QB,8.42,8.42,8.42
2024,6,26,8,RB/WR/TE,41.1,33.1,25.1
2024,6,27,19,QB,8.879999999999999,8.879999999999999,8.879999999999999
2024,6,27,19,RB/WR/TE,65.3,51.8,38.3
2024,6,28,29,QB,24.1,24.1,24.1
2024,6,28,29,RB/WR/TE,88.39999999999999,79.39999999999999,70.4
2024,6,29,28,QB,12.72,12.72,12.72
2024,6,29,28,RB/WR/TE,77.0,62.0,47.0
2024,6,3,32,QB,20.96,20.96,20.96
2024,6,3,32,RB/WR/TE,65.9,53.9,41.9
2024,6,30,23,QB,16.42,16.42,16.42
2024,6,30,23,RB/WR/TE,61.699999999999996,50.7,39.7
2024,6,31,14,QB,13.86,13.86,13.86
2024,6,31,14,RB/WR/TE,61.3,50.3,39.3
2024,6,32,3,QB,18.72,18.72,18.72
2024,6,32,3,RB/WR/TE,84.1,74.1,64.1
2024,6,4,25,QB,18.2,18.2,18.2
2024,6,4,25,RB/WR/TE,78.0,66.5,55.0
2024,6,5,2,QB,12.46,12.46,12.46
2024,6,5,2,RB/WR/TE,84.0,74.5,65.0
2024,6,6,15,QB,17.299999999999997,17.299999999999997,17.299999999999997
2024,6,6,15,RB/WR/TE,63.1,51.1,39.1
2024,6,7,24,QB,11.8,11.8,11.8
2024,6,7,24,RB/WR/TE,54.8,43.8,32.800000000000004
2024,6,8,26,QB,21.86,21.86,21.86
2024,6,8,26,RB/WR/TE,62.7,54.7,46.7
2024,6,9,11,QB,26.0,26.0,26.0
2024,6,9,11,RB/WR/TE,100.3,90.8,81.3
2024,7,1,18,QB,14.76,14.76,14.76
2024,7,1,18,RB/WR/TE,65.0,51.5,38.0
2024,7,10,23,QB,11.8,11.8,11.8
2024,7,10,23,RB/WR/TE,61.300000000000004,47.3,33.3
2024,7,11,21,QB,16.26,16.26,16.26
2024,7,11,21,RB/WR/TE,69.9,58.9,47.900000000000006
2024,7,12,13,QB,5.34,5.34,5.34
2024,7,12,13,RB/WR/TE,42.9,37.9,32.9
2024,7,13,12,QB,16.96,16.96,16.96
2024,7,13,12,RB/WR/TE,72.6,60.6,48.6
2024,7,14,20,QB,12.84,12.84,12.84
2024,7,14,20,RB/WR/TE,53.0,45.5,38.0
2024,7,15,22,QB,20.84,20.84,20.84
2024,7,15,22,RB/WR/TE,67.6,54.6,41.6
2024,7,16,29,QB,17.22,17.22,17.22
2024,7,16,29,RB/WR/TE,45.699999999999996,37.199999999999996,28.7
2024,7,17,19,QB,0.44000000000000017,0.44000000000000017,0.44000000000000017
2024,7,17,19,RB/WR/TE,53.6,43.1,32.6
2024,7,18,1,QB,20.4,20.4,20.4
2024,7,18,1,RB/WR/TE,46.0,39.0,32.0
2024,7,19,17,QB,3.96,3.96,3.96
2024,7,19,17,RB/WR/TE,53.1,46.1,39.1
2024,7,2,28,QB,17.78,17.78,17.78
2024,7,2,28,RB/WR/TE,71.4,61.9,52.4
2024,7,20,14,QB,8.76,8.76,8.76
2024,7,20,14,RB/WR/TE,38.8,33.8,28.8
2024,7,21,11,QB,24.8,24.8,24.8
2024,7,21,11,RB/WR/TE,86.7,75.7,64.7
2024,7,22,15,QB,13.02,13.02,13.02
2024,7,22,15,RB/WR/TE,68.1,60.6,53.1
2024,7,23,10,QB,14.06,14.06,14.06
2024,7,23,10,RB/WR/TE,57.2,49.2,41.2
2024,7,24,26,QB,22.96,22.96,22.96
2024,7,24,26,RB/WR/TE,57.9,52.9,47.9
2024,7,25,27,QB,24.76,24.76,24.76
2024,7,25,27,RB/WR/TE,75.2,67.2,59.2
2024,7,26,24,QB,7.34,7.34,7.34
2024,7,26,24,RB/WR/TE,31.4,22.9,14.399999999999999
2024,7,27,25,QB,11.04,11.04,11.04
2024,7,27,25,RB/WR/TE,69.0,57.0,45.0
2024,7,28,2,QB,7.699999999999999,7.699999999999999,7.699999999999999
2024,7,28,2,RB/WR/TE,77.1,64.60000000000001,52.1
2024,7,29,16,QB,12.06,12.06,12.06
2024,7,29,16,RB/WR/TE,63.800000000000004,55.800000000000004,47.800000000000004
2024,7,3,30,QB,25.3,25.3,25.3
2024,7,3,30,RB/WR/TE,102.2,86.7,71.2
2024,7,30,3,QB,34.64,34.64,34.64
2024,7,30,3,RB/WR/TE,94.4,85.9,77.4
2024,7,31,4,QB,21.02,21.02,21.02
2024,7,31,4,RB/WR/TE,84.6,74.1,63.6
2024,7,32,5,QB,-0.14,-0.14,-0.14
2024,7,32,5,RB/WR/TE,37.099999999999994,30.599999999999998,24.099999999999998
2024,7,4,31,QB,10.22,10.22,10.22
2024,7,4,31,RB/WR/TE,60.900000000000006,48.4,35.9
2024,7,5,32,QB,24.740000000000002,24.740000000000002,24.740000000000002
2024,7,5,32,RB/WR/TE,72.1,62.1,52.1
2024,7,7,8,QB,15.48,15.48,15.48
2024,7,7,8,RB/WR/TE,74.0,58.5,43.0
2024,7,8,7,QB,14.94,14.94,14.94
2024,7,8,7,RB/WR/TE,53.7,46.2,38.7
2024,8,1,20,QB,14.62,14.62,14.62
2024,8,1,20,RB/WR/TE,83.0,69.0,55.0
2024,8,10,5,QB,13.72,13.72,13.72
2024,8,10,5,RB/WR/TE,65.1,53.1,41.1
2024,8,11,31,QB,19.54,19.54,19.54
2024,8,11,31,RB/WR/TE,63.5,52.5,41.5
2024,8,12,15,QB,23.32,23.32,23.32
2024,8,12,15,RB/WR/TE,71.9,61.4,50.9
2024,8,13,14,QB,12.14,12.14,12.14
2024,8,13,14,RB/WR/TE,51.0,46.0,41.0
2024,8,14,13,QB,13.4,13.4,13.4
2024,8,14,13,RB/WR/TE,76.1,63.6,51.1
2024,8,15,12,QB,14.28,14.28,14.28
2024,8,15,12,RB/WR/TE,77.2,68.2,59.199999999999996
2024,8,16,19,QB,14.26,14.26,14.26
2024,8,16,19,RB/WR/TE,60.3,48.3,36.3
2024,8,17,21,QB,18.2,18.2,18.2
2024,8,17,21,RB/WR/TE,59.800000000000004,50.8,41.8
2024,8,18,23,QB,11.48,11.48,11.48
2024,8,18,23,RB/WR/TE,58.32,47.82,37.32
2024,8,19,16,QB,18.18,18.18,18.18
2024,8,19,16,RB/WR/TE,77.7,64.2,50.7
2024,8,2,30,QB,22.2,22.2,22.2
2024,8,2,30,RB/WR/TE,95.3,76.8,58.300000000000004
2024,8,20,1,QB,21.54,21.54,21.54
2024,8,20,1,RB/WR/TE,78.39999999999999,65.89999999999999,53.4
2024,8,21,17,QB,24.76,24.76,24.76
2024,8,21,17,RB/WR/TE,88.3,75.8,63.3
2024,8,22,25,QB,17.32,17.32,17.32
2024,8,22,25,RB/WR/TE,69.5,61.0,52.5
2024,8,23,18,QB,24.06,24.06,24.06
2024,8,23,18,RB/WR/TE,73.2,63.2,53.2
2024,8,24,27,QB,13.82,13.82,13.82
2024,8,24,27,RB/WR/TE,69.8,59.8,49.8
2024,8,25,22,QB,18.2,18.2,18.2
2024,8,25,22,RB/WR/TE,50.9,41.9,32.9
2024,8,26,7,QB,12.9,12.9,12.9
2024,8,26,7,RB/WR/TE,63.699999999999996,50.7,37.7
2024,8,27,24,QB,6.7,6.7,6.7
2024,8,27,24,RB/WR/TE,73.7,61.7,49.7
2024,8,28,4,QB,19.52,19.52,19.52
2024,8,28,4,RB/WR/TE,90.5,78.5,66.5
2024,8,29,9,QB,13.7,13.7,13.7
2024,8,29,9,RB/WR/TE,73.2,60.7,48.2
2024,8,3,8,QB,23.56,23.56,23.56
2024,8,3,8,RB/WR/TE,86.2,72.7,59.199999999999996
2024,8,30,2,QB,28.64,28.64,28.64
2024,8,30,2,RB/WR/TE,87.10000000000001,75.60000000000001,64.10000000000001
2024,8,31,11,QB,15.78,15.78,15.78
2024,8,31,11,RB/WR/TE,80.92,73.42,65.92
2024,8,32,6,QB,5.94,5.94,5.94
2024,8,32,6,RB/WR/TE,50.6,45.6,40.6
2024,8,4,28,QB,8.18,8.18,8.18
2024,8,4,28,RB/WR/TE,49.2,38.7,28.200000000000003
2024,8,5,10,QB,29.8,29.8,29.8
2024,8,5,10,RB/WR/TE,85.22,70.72,56.22
2024,8,6,32,QB,22.24,22.24,22.24
2024,8,6,32,RB/WR/TE,71.2,60.699999999999996,50.2
2024,8,7,26,QB,34.94,34.94,34.94
2024,8,7,26,RB/WR/TE,58.1,50.1,42.1
2024,8,8,3,QB,24.16,24.16,24.16
2024,8,8,3,RB/WR/TE,77.7,66.2,54.7
2024,8,9,29,QB,26.0,26.0,26.0
2024,8,9,29,RB/WR/TE,72.7,63.7,54.7
2024,9,1,6,QB,9.18,9.18,9.18
2024,9,1,6,RB/WR/TE,50.099999999999994,39.1,28.1
2024,9,10,3,QB,24.12,24.12,24.12
2024,9,10,3,RB/WR/TE,86.89999999999999,78.9,70.9
2024,9,11,12,QB,8.92,8.92,8.92
2024,9,11,12,RB/WR/TE,70.1,58.6,47.1
2024,9,12,11,QB,9.6,9.6,9.6
2024,9,12,11,RB/WR/TE,57.1,48.1,39.1
2024,9,13,25,QB,15.3,15.3,15.3
2024,9,13,25,RB/WR/TE,60.9,50.4,39.9
2024,9,14,21,QB,19.0,19.0,19.0
2024,9,14,21,RB/WR/TE,90.98,76.48,61.98
2024,9,15,26,QB,35.9,35.9,35.9
2024,9,15,26,RB/WR/TE,74.0,65.0,56.0
2024,9,16,30,QB,18.8,18.8,18.8
2024,9,16,30,RB/WR/TE,68.5,57.0,45.5
2024,9,17,28,QB,22.12,22.12,22.12
2024,9,17,28,RB/WR/TE,84.4,73.9,63.4
2024,9,18,8,QB,5.22,5.22,5.22
2024,9,18,8,RB/WR/TE,52.2,39.7,27.2
2024,9,19,7,QB,29.04,29.04,29.04
2024,9,19,7,RB/WR/TE,94.1,80.6,67.1
2024,9,2,9,QB,20.92,20.92,20.92
2024,9,2,9,RB/WR/TE,78.1,62.599999999999994,47.1
2024,9,20,4,QB,20.1,20.1,20.1
2024,9,20,4,RB/WR/TE,75.2,62.7,50.2
2024,9,21,14,QB,3.06,3.06,3.06
2024,9,21,14,RB/WR/TE,40.8,32.8,24.8
2024,9,22,31,QB,17.4,17.4,17.4
2024,9,22,31,RB/WR/TE,71.6,61.6,51.6
2024,9,23,5,QB,9.74,9.74,9.74
2024,9,23,5,RB/WR/TE,58.2,50.2,42.2
2024,9,24,32,QB,19.26,19.26,19.26
2024,9,24,32,RB/WR/TE,65.9,58.4,50.9
2024,9,25,13,QB,11.54,11.54,11.54
2024,9,25,13,RB/WR/TE,50.400000000000006,44.9,39.4
2024,9,26,15,QB,15.56,15.56,15.56
2024,9,26,15,RB/WR/TE,38.1,30.1,22.1
2024,9,28,17,QB,17.92,17.92,17.92
2024,9,28,17,RB/WR/TE,71.7,59.199999999999996,46.699999999999996
2024,9,3,10,QB,17.72,17.22,16.72
2024,9,3,10,RB/WR/TE,53.980000000000004,44.480000000000004,34.980000000000004
2024,9,30,16,QB,24.54,24.54,24.54
2024,9,30,16,RB/WR/TE,96.60000000000001,79.60000000000001,62.6
2024,9,31,22,QB,16.14,16.14,16.14
2024,9,31,22,RB/WR/TE,64.1,49.599999999999994,35.1
2024,9,32,24,QB,24.28,24.28,24.28
2024,9,32,24,RB/WR/TE,60.2,50.2,40.2
2024,9,4,20,QB,18.46,18.46,18.46
2024,9,4,20,RB/WR/TE,81.0,68.5,56.0
2024,9,5,23,QB,13.34,13.34,13.34
2024,9,5,23,RB/WR/TE,72.9,63.9,54.9
2024,9,6,1,QB,4.66,4.66,4.66
2024,9,6,1,RB/WR/TE,65.2,58.7,52.2
2024,9,7,19,QB,8.120000000000001,8.120000000000001,8.120000000000001
2024,9,7,19,RB/WR/TE,58.6,48.1,37.6
2024,9,8,18,QB,19.16,19.16,19.16
2024,9,8,18,RB/WR/TE,78.8,69.8,60.8
2024,9,9,2,QB,17.7,17.7,17.7
2024,9,9,2,RB/WR/TE,76.4,66.9,57.400000000000006
2024,10,1,25,QB,4.04,4.04,4.04
2024,10,1,25,RB/WR/TE,45.0,34.0,23.0
2024,10,10,16,QB,16.54,16.54,16.54
2024,10,10,16,RB/WR/TE,64.4,50.4,36.4
2024,10,11,13,QB,9.78,9.78,9.78
2024,10,11,13,RB/WR/TE,59.3,49.8,40.3
2024,10,13,11,QB,7.8,7.8,7.8
2024,10,13,11,RB/WR/TE,67.3,59.8,52.3
2024,10,14,4,QB,18.099999999999998,18.099999999999998,18.099999999999998
2024,10,14,4,RB/WR/TE,64.6,53.6,42.6
2024,10,15,21,QB,6.28,6.28,6.28
2024,10,15,21,RB/WR/TE,60.8,49.3,37.8
2024,10,16,10,QB,16.1,16.1,16.1
2024,10,16,10,RB/WR/TE,63.800000000000004,52.800000000000004,41.800000000000004
2024,10,17,20,QB,8.18,8.18,8.18
2024,10,17,20,RB/WR/TE,59.5,49.5,39.5
2024,10,18,31,QB,19.1,19.1,19.1
2024,10,18,31,RB/WR/TE,56.6,47.6,38.599999999999994
2024,10,2,23,QB,19.1,19.1,19.1
2024,10,2,23,RB/WR/TE,58.4,50.9,43.4
2024,10,20,17,QB,9.72,9.72,9.72
2024,10,20,17,RB/WR/TE,66.4,50.400000000000006,34.4
2024,10,21,15,QB,5.24,5.24,5.24
2024,10,21,15,RB/WR/TE,29.900000000000002,22.9,15.9
2024,10,22,6,QB,6.3,6.3,6.3
2024,10,22,6,RB/WR/TE,33.8,25.8,17.8
2024,10,23,2,QB,10.24,10.24,10.24
2024,10,23,2,RB/WR/TE,84.1,72.6,61.1
2024,10,24,5,QB,10.08,10.08,10.08
2024,10,24,5,RB/WR/TE,55.5,48.0,40.5
2024,10,25,1,QB,28.68,28.68,28.68
2024,10,25,1,RB/WR/TE,73.8,62.8,51.8
2024,10,26,9,QB,-1.46,-1.46,-1.46
2024,10,26,9,RB/WR/TE,27.4,18.9,10.399999999999999
2024,10,27,32,QB,8.58,8.58,8.58
2024,10,27,32,RB/WR/TE,60.7,52.2,43.7
2024,10,29,30,QB,8.94,8.94,8.94
2024,10,29,30,RB/WR/TE,52.3,43.3,34.3
2024,10,3,7,QB,33.82,33.82,33.82
2024,10,3,7,RB/WR/TE,109.1,92.1,75.10000000000001
2024,10,30,29,QB,23.82,23.82,23.82
2024,10,30,29,RB/WR/TE,78.1,65.6,53.1
2024,10,31,18,QB,19.76,19.76,19.76
2024,10,31,18,RB/WR/TE,53.7,46.7,39.7
2024,10,32,27,QB,18.1,18.1,18.1
2024,10,32,27,RB/WR/TE,69.7,62.699999999999996,55.699999999999996
2024,10,4,14,QB,10.88,10.88,10.88
2024,10,4,14,RB/WR/TE,77.3,64.3,51.3
2024,10,5,24,QB,12.0,12.0,12.0
2024,10,5,24,RB/WR/TE,59.300000000000004,48.300000000000004,37.3
2024,10,6,22,QB,11.76,11.76,11.76
2024,10,6,22,RB/WR/TE,51.4,43.9,36.4
2024,10,7,3,QB,30.9,30.9,30.9
2024,10,7,3,RB/WR/TE,90.6,78.10000000000001,65.6
2024,10,9,26,QB,29.98,29.98,29.98
2024,10,9,26,RB/WR/TE,60.7,53.2,45.7
2024,11,10,2,QB,5.88,5.88,5.88
2024,11,10,2,RB/WR/TE,44.7,34.699999999999996,24.7
2024,11,11,15,QB,4.22,4.22,4.22
2024,11,11,15,RB/WR/TE,34.2,25.7,17.2
2024,11,12,6,QB,16.24,16.24,16.24
2024,11,12,6,RB/WR/TE,69.0,57.5,46.0
2024,11,13,9,QB,16.36,16.36,16.36
2024,11,13,9,RB/WR/TE,79.60000000000001,63.6,47.6
2024,11,14,25,QB,16.06,16.06,16.06
2024,11,14,25,RB/WR/TE,67.9,56.9,45.9
2024,11,15,11,QB,37.9,37.9,37.9
2024,11,15,11,RB/WR/TE,128.3,114.8,101.3
2024,11,16,4,QB,23.68,23.68,23.68
2024,11,16,4,RB/WR/TE,76.4,62.9,49.4
2024,11,17,22,QB,17.98,17.98,17.98
2024,11,17,22,RB/WR/TE,79.0,64.5,50.0
2024,11,18,7,QB,29.04,29.04,29.04
2024,11,18,7,RB/WR/TE,90.8,76.8,62.800000000000004
2024,11,19,20,QB,23.52,23.52,23.52
2024,11,19,20,RB/WR/TE,89.0,75.0,61.0
2024,11,2,10,QB,28.38,28.38,28.38
2024,11,2,10,RB/WR/TE,96.7,83.2,69.7
2024,11,20,19,QB,17.98,17.98,17.98
2024,11,20,19,RB/WR/TE,75.5,60.5,45.5
2024,11,21,31,QB,15.6,15.6,15.6
2024,11,21,31,RB/WR/TE,54.0,45.5,37.0
2024,11,22,17,QB,27.8,27.8,27.8
2024,11,22,17,RB/WR/TE,82.2,73.2,64.2
2024,11,23,8,QB,23.900000000000002,23.900000000000002,23.900000000000002
2024,11,23,8,RB/WR/TE,88.0,73.0,58.0
2024,11,25,14,QB,27.979999999999997,27.979999999999997,27.979999999999997
2024,11,25,14,RB/WR/TE,59.2,49.2,39.2
2024,11,26,32,QB,11.44,11.44,11.44
2024,11,26,32,RB/WR/TE,60.8,49.8,38.8
2024,11,27,3,QB,14.88,14.88,14.88
2024,11,27,3,RB/WR/TE,52.5,44.5,36.5
2024,11,28,29,QB,17.46,17.46,17.46
2024,11,28,29,RB/WR/TE,52.900000000000006,42.400000000000006,31.9
2024,11,29,28,QB,15.74,15.74,15.74
2024,11,29,28,RB/WR/TE,59.6,47.1,34.6
2024,11,3,27,QB,8.0,8.0,8.0
2024,11,3,27,RB/WR/TE,53.9,42.4,30.900000000000002
2024,11,31,21,QB,23.12,23.12,23.12
2024,11,31,21,RB/WR/TE,60.3,50.8,41.3
2024,11,32,26,QB,18.74,18.74,18.74
2024,11,32,26,RB/WR/TE,71.0,62.0,53.0
2024,11,4,16,QB,15.84,15.84,15.84
2024,11,4,16,RB/WR/TE,68.4,56.900000000000006,45.4
2024,11,6,12,QB,20.24,20.24,20.24
2024,11,6,12,RB/WR/TE,59.9,53.4,46.9
2024,11,7,18,QB,24.38,24.38,24.38
2024,11,7,18,RB/WR/TE,79.7,71.2,62.7
2024,11,8,23,QB,18.6,18.6,18.6
2024,11,8,23,RB/WR/TE,96.32000000000001,85.32000000000001,74.32000000000001
2024,11,9,13,QB,10.98,10.98,10.98
2024,11,9,13,RB/WR/TE,78.10000000000001,66.60000000000001,55.1
2024,12,1,28,QB,12.36,12.36,12.36
2024,12,1,28,RB/WR/TE,59.699999999999996,48.7,37.699999999999996
2024,12,10,19,QB,12.6,12.6,12.6
2024,12,10,19,RB/WR/TE,71.60000000000001,56.6,41.6
2024,12,11,14,QB,12.48,12.48,12.48
2024,12,11,14,RB/WR/TE,31.7,26.2,20.7
2024,12,12,29,QB,8.46,8.46,8.46
2024,12,12,29,RB/WR/TE,45.199999999999996,36.699999999999996,28.2
2024,12,13,31,QB,16.12,16.12,16.12
2024,12,13,31,RB/WR/TE,76.0,67.0,58.0
2024,12,14,11,QB,10.76,10.76,10.76
2024,12,14,11,RB/WR/TE,84.6,71.6,58.599999999999994
2024,12,16,5,QB,16.02,16.02,16.02
2024,12,16,5,RB/WR/TE,66.3,55.8,45.3
2024,12,17,26,QB,10.620000000000001,10.620000000000001,10.620000000000001
2024,12,17,26,RB/WR/TE,77.0,70.0,63.0
2024,12,18,3,QB,22.58,22.58,22.58
2024,12,18,3,RB/WR/TE,71.7,63.7,55.7
2024,12,19,10,QB,19.58,19.58,19.58
2024,12,19,10,RB/WR/TE,70.5,58.0,45.5
2024,12,20,22,QB,10.88,10.88,10.88
2024,12,20,22,RB/WR/TE,56.800000000000004,45.800000000000004,34.8
2024,12,21,6,QB,24.9,24.9,24.9
2024,12,21,6,RB/WR/TE,88.5,72.5,56.5
2024,12,22,20,QB,34.78,34.78,34.78
2024,12,22,20,RB/WR/TE,89.1,74.6,60.1
2024,12,24,30,QB,18.66,18.66,18.66
2024,12,24,30,RB/WR/TE,84.1,72.1,60.1
2024,12,26,17,QB,17.22,17.22,17.22
2024,12,26,17,RB/WR/TE,70.1,58.1,46.1
2024,12,27,8,QB,11.46,11.46,11.46
2024,12,27,8,RB/WR/TE,57.7,48.7,39.7
2024,12,28,1,QB,10.46,10.46,10.46
2024,12,28,1,RB/WR/TE,57.7,45.7,33.7
2024,12,29,12,QB,14.72,14.72,14.72
2024,12,29,12,RB/WR/TE,76.0,69.5,63.0
2024,12,3,18,QB,17.62,17.62,17.62
2024,12,3,18,RB/WR/TE,54.199999999999996,43.7,33.2
2024,12,30,24,QB,10.92,10.92,10.92
2024,12,30,24,RB/WR/TE,49.7,38.7,27.7
2024,12,31,13,QB,15.68,15.68,15.68
2024,12,31,13,RB/WR/TE,58.9,48.9,38.9
2024,12,32,9,QB,17.68,17.68,17.68
2024,12,32,9,RB/WR/TE,68.0,56.0,44.0
2024,12,5,16,QB,28.88,28.88,28.88
2024,12,5,16,RB/WR/TE,82.7,69.2,55.7
2024,12,6,21,QB,21.66,21.66,21.66
2024,12,6,21,RB/WR/TE,86.0,74.5,63.0
2024,12,8,27,QB,16.6,16.6,16.6
2024,12,8,27,RB/WR/TE,68.2,57.7,47.2
2024,12,9,32,QB,28.4,28.4,28.4
2024,12,9,32,RB/WR/TE,69.6,57.099999999999994,44.6
2024,13,1,21,QB,19.6,19.6,19.6
2024,13,1,21,RB/WR/TE,59.1,48.6,38.1
2024,13,10,8,QB,31.28,31.28,31.28
2024,13,10,8,RB/WR/TE,114.0,97.0,80.0
2024,13,11,6,QB,26.14,26.14,26.14
2024,13,11,6,RB/WR/TE,67.5,57.5,47.5
2024,13,12,20,QB,23.2,23.2,23.2
2024,13,12,20,RB/WR/TE,90.2,71.7,53.2
2024,13,13,15,QB,18.24,18.24,18.24
2024,13,13,15,RB/WR/TE,72.10000000000001,60.1,48.1
2024,13,14,22,QB,17.32,17.32,17.32
2024,13,14,22,RB/WR/TE,73.89999999999999,61.9,49.9
2024,13,15,13,QB,14.62,14.62,14.62
2024,13,15,13,RB/WR/TE,68.9,57.9,46.9
2024,13,16,19,QB,19.6,19.6,19.6
2024,13,16,19,RB/WR/TE,80.6,69.1,57.6
2024,13,17,23,QB,12.56,12.56,12.56
2024,13,17,23,RB/WR/TE,61.5,49.5,37.5
2024,13,18,2,QB,2.1,2.1,2.1
2024,13,18,2,RB/WR/TE,65.8,53.8,41.8
2024,13,19,16,QB,15.88,15.88,15.88
2024,13,19,16,RB/WR/TE,65.6,53.1,40.6
2024,13,2,18,QB,6.02,6.02,6.02
2024,13,2,18,RB/WR/TE,34.2,26.2,18.2
2024,13,20,12,QB,18.96,18.96,18.96
2024,13,20,12,RB/WR/TE,77.8,67.3,56.8
2024,13,21,1,QB,14.9,14.9,14.9
2024,13,21,1,RB/WR/TE,73.9,58.4,42.9
2024,13,22,14,QB,19.16,19.16,19.16
2024,13,22,14,RB/WR/TE,44.5,38.5,32.5
2024,13,23,17,QB,15.62,15.62,15.62
2024,13,23,17,RB/WR/TE,65.60000000000001,58.6,51.6
2024,13,24,9,QB,11.8,11.8,11.8
2024,13,24,9,RB/WR/TE,64.9,54.4,43.9
2024,13,25,28,QB,10.44,10.44,10.44
2024,13,25,28,RB/WR/TE,58.9,48.9,38.9
2024,13,26,3,QB,24.18,24.18,24.18
2024,13,26,3,RB/WR/TE,68.6,57.1,45.6
2024,13,27,7,QB,18.96,18.96,18.96
2024,13,27,7,RB/WR/TE,91.6,77.6,63.599999999999994
2024,13,28,25,QB,14.0,14.0,14.0
2024,13,28,25,RB/WR/TE,57.8,47.3,36.8
2024,13,29,4,QB,27.22,27.22,27.22
2024,13,29,4,RB/WR/TE,66.8,59.8,52.8
2024,13,3,26,QB,11.62,11.62,11.62
2024,13,3,26,RB/WR/TE,45.8,40.3,34.8
2024,13,30,5,QB,23.62,23.62,23.62
2024,13,30,5,RB/WR/TE,65.9,52.9,39.9
2024,13,31,32,QB,27.64,27.64,27.64
2024,13,31,32,RB/WR/TE,98.9,86.4,73.9
2024,13,32,31,QB,17.18,16.68,16.18
2024,13,32,31,RB/WR/TE,50.0,41.5,33.0
2024,13,4,29,QB,2.16,2.16,2.16
2024,13,4,29,RB/WR/TE,37.7,32.199999999999996,26.7
2024,13,5,30,QB,10.299999999999999,10.299999999999999,10.299999999999999
2024,13,5,30,RB/WR/TE,80.5,69.5,58.5
2024,13,6,11,QB,16.94,16.94,16.94
2024,13,6,11,RB/WR/TE,72.7,62.2,51.699999999999996
2024,13,7,27,QB,27.56,27.56,27.56
2024,13,7,27,RB/WR/TE,104.39999999999999,89.9,75.4
2024,13,8,10,QB,12.16,12.16,12.16
2024,13,8,10,RB/WR/TE,75.6,66.6,57.6
2024,13,9,24,QB,14.54,14.54,14.54
2024,13,9,24,RB/WR/TE,50.199999999999996,40.199999999999996,30.2
2024,14,1,28,QB,13.32,13.32,13.32
2024,14,1,28,RB/WR/TE,82.89999999999999,70.89999999999999,58.9
2024,14,11,12,QB,12.54,12.54,12.54
2024,14,11,12,RB/WR/TE,64.2,58.2,52.2
2024,14,12,11,QB,22.06,22.06,22.06
2024,14,12,11,RB/WR/TE,94.8,78.8,62.8
2024,14,15,31,QB,7.02,7.02,7.02
2024,14,15,31,RB/WR/TE,48.1,38.6,29.1
2024,14,16,18,QB,14.92,14.92,14.92
2024,14,16,18,RB/WR/TE,61.300000000000004,50.800000000000004,40.300000000000004
2024,14,17,4,QB,51.78,51.78,51.78
2024,14,17,4,RB/WR/TE,76.4,65.4,54.4
2024,14,18,16,QB,14.1,14.1,14.1
2024,14,18,16,RB/WR/TE,58.9,46.9,34.9
2024,14,19,30,QB,19.0,19.0,19.0
2024,14,19,30,RB/WR/TE,85.5,76.5,67.5
2024,14,2,21,QB,34.379999999999995,34.379999999999995,34.379999999999995
2024,14,2,21,RB/WR/TE,103.7,92.7,81.7
2024,14,20,25,QB,17.56,17.56,17.56
2024,14,20,25,RB/WR/TE,81.19999999999999,67.7,54.199999999999996
2024,14,21,2,QB,9.76,9.76,9.76
2024,14,21,2,RB/WR/TE,83.8,72.3,60.8
2024,14,23,24,QB,12.98,12.98,12.98
2024,14,23,24,RB/WR/TE,55.0,44.5,34.0
2024,14,24,23,QB,11.760000000000002,11.760000000000002,11.760000000000002
2024,14,24,23,RB/WR/TE,61.9,51.9,41.9
2024,14,25,20,QB,21.54,21.54,21.54
2024,14,25,20,RB/WR/TE,88.2,71.7,55.2
2024,14,26,5,QB,12.54,12.54,12.54
2024,14,26,5,RB/WR/TE,59.0,49.5,40.0
2024,14,27,8,QB,15.64,15.64,15.64
2024,14,27,8,RB/WR/TE,65.7,53.7,41.7
2024,14,28,1,QB,15.96,15.96,15.96
2024,14,28,1,RB/WR/TE,73.4,60.9,48.4
2024,14,29,6,QB,14.3,14.3,14.3
2024,14,29,6,RB/WR/TE,48.1,39.1,30.1
2024,14,30,19,QB,10.899999999999999,10.899999999999999,10.899999999999999
2024,14,30,19,RB/WR/TE,51.9,40.4,28.900000000000002
2024,14,31,15,QB,5.1,5.1,5.1
2024,14,31,15,RB/WR/TE,57.800000000000004,46.3,34.8
2024,14,4,17,QB,20.8,20.8,20.8
2024,14,4,17,RB/WR/TE,100.0,88.5,77.0
2024,14,5,26,QB,24.22,24.22,24.22
2024,14,5,26,RB/WR/TE,52.4,45.4,38.4
2024,14,6,29,QB,19.7,19.7,19.7
2024,14,6,29,RB/WR/TE,94.5,84.5,74.5
2024,14,7,9,QB,13.82,13.82,13.82
2024,14,7,9,RB/WR/TE,61.4,53.4,45.4
2024,14,8,27,QB,16.02,16.02,16.02
2024,14,8,27,RB/WR/TE,57.4,49.9,42.4
2024,14,9,7,QB,24.76,24.76,24.76
2024,14,9,7,RB/WR/TE,96.0,79.5,63.0
2024,15,1,22,QB,16.64,16.64,16.64
2024,15,1,22,RB/WR/TE,53.300000000000004,43.8,34.3
2024,15,10,14,QB,14.46,13.96,13.46
2024,15,10,14,RB/WR/TE,41.3,33.3,25.3
2024,15,11,4,QB,40.48,40.48,40.48
2024,15,11,4,RB/WR/TE,96.9,85.4,73.9
2024,15,12,28,QB,3.62,3.62,3.62
2024,15,12,28,RB/WR/TE,50.6,40.6,30.6
2024,15,13,20,QB,3.88,3.88,3.88
2024,15,13,20,RB/WR/TE,60.699999999999996,46.2,31.7
2024,15,14,10,QB,13.3,13.3,13.3
2024,15,14,10,RB/WR/TE,56.1,46.1,36.1
2024,15,15,25,QB,28.1,28.1,28.1
2024,15,15,25,RB/WR/TE,74.89999999999999,66.89999999999999,58.9
2024,15,16,8,QB,0.86,0.86,0.86
2024,15,16,8,RB/WR/TE,52.0,42.0,32.0
2024,15,17,29,QB,3.98,3.98,3.98
2024,15,17,29,RB/WR/TE,34.2,27.2,20.2
2024,15,18,30,QB,28.02,28.02,28.02
2024,15,18,30,RB/WR/TE,92.6,81.6,70.6
2024,15,19,2,QB,6.48,6.48,6.48
2024,15,19,2,RB/WR/TE,45.0,39.5,34.0
2024,15,2,19,QB,11.12,11.12,11.12
2024,15,2,19,RB/WR/TE,51.5,40.0,28.5
2024,15,20,13,QB,11.24,11.24,11.24
2024,15,20,13,RB/WR/TE,47.3,38.3,29.299999999999997
2024,15,21,6,QB,10.24,10.24,10.24
2024,15,21,6,RB/WR/TE,55.5,46.0,36.5
2024,15,22,1,QB,16.18,16.18,16.18
2024,15,22,1,RB/WR/TE,75.6,63.1,50.6
2024,15,23,32,QB,23.5,23.5,23.5
2024,15,23,32,RB/WR/TE,67.6,55.099999999999994,42.599999999999994
2024,15,24,3,QB,36.6,36.6,36.6
2024,15,24,3,RB/WR/TE,90.0,79.5,69.0
2024,15,25,15,QB,18.46,18.46,18.46
2024,15,25,15,RB/WR/TE,83.3,67.8,52.3
2024,15,26,27,QB,9.22,9.22,9.22
2024,15,26,27,RB/WR/TE,36.5,29.5,22.5
2024,15,27,26,QB,28.1,28.1,28.1
2024,15,27,26,RB/WR/TE,74.6,62.1,49.6
2024,15,28,12,QB,17.56,17.56,17.56
2024,15,28,12,RB/WR/TE,72.5,62.5,52.5
2024,15,29,17,QB,8.2,8.2,8.2
2024,15,29,17,RB/WR/TE,44.400000000000006,36.4,28.4
2024,15,3,24,QB,9.540000000000001,9.540000000000001,9.540000000000001
2024,15,3,24,RB/WR/TE,58.699999999999996,47.699999999999996,36.699999999999996
2024,15,30,18,QB,13.96,13.96,13.96
2024,15,30,18,RB/WR/TE,55.1,44.1,33.1
2024,15,31,7,QB,24.04,23.54,23.04
2024,15,31,7,RB/WR/TE,80.0,67.5,55.0
2024,15,32,23,QB,9.94,9.94,9.94
2024,15,32,23,RB/WR/TE,57.24,50.239999999999995,43.239999999999995
2024,15,4,11,QB,40.46,40.46,40.46
2024,15,4,11,RB/WR/TE,123.4,104.39999999999999,85.39999999999999
2024,15,5,9,QB,19.36,19.36,19.36
2024,15,5,9,RB/WR/TE,78.10000000000001,69.1,60.1
2024,15,6,21,QB,11.24,11.24,11.24
2024,15,6,21,RB/WR/TE,76.5,64.5,52.5
2024,15,7,31,QB,11.120000000000001,11.120000000000001,11.120000000000001
2024,15,7,31,RB/WR/TE,87.8,73.3,58.8
2024,15,8,16,QB,16.560000000000002,16.560000000000002,16.560000000000002
2024,15,8,16,RB/WR/TE,68.7,58.2,47.7
2024,15,9,5,QB,11.96,11.96,11.96
2024,15,9,5,RB/WR/TE,51.699999999999996,42.199999999999996,32.699999999999996
2024,16,1,5,QB,27.12,27.12,27.12
2024,16,1,5,RB/WR/TE,74.3,65.8,57.300000000000004
2024,16,10,18,QB,20.2,20.2,20.2
2024,16,10,18,RB/WR/TE,84.4,72.9,61.4
2024,16,11,6,QB,22.76,22.76,22.76
2024,16,11,6,RB/WR/TE,72.3,59.300000000000004,46.300000000000004
2024,16,12,23,QB,4.92,4.92,4.92
2024,16,12,23,RB/WR/TE,34.2,26.7,19.2
2024,16,13,16,QB,23.7,23.7,23.7
2024,16,13,16,RB/WR/TE,75.1,61.1,47.1
2024,16,14,31,QB,12.38,12.38,12.38
2024,16,14,31,RB/WR/TE,78.4,66.89999999999999,55.4
2024,16,15,19,QB,11.48,11.48,11.48
2024,16,15,19,RB/WR/TE,67.39999999999999,55.4,43.4
2024,16,16,13,QB,16.16,16.16,16.16
2024,16,16,13,RB/WR/TE,65.4,53.900000000000006,42.4
2024,16,17,25,QB,12.84,12.84,12.84
2024,16,17,25,RB/WR/TE,66.5,52.5,38.5
2024,16,18,10,QB,21.02,21.02,21.02
2024,16,18,10,RB/WR/TE,81.8,67.3,52.8
2024,16,19,15,QB,13.88,13.88,13.88
2024,16,19,15,RB/WR/TE,64.89999999999999,52.4,39.9
2024,16,2,24,QB,6.5,6.5,6.5
2024,16,2,24,RB/WR/TE,53.4,42.4,31.400000000000002
2024,16,20,29,QB,21.12,21.12,21.12
2024,16,20,29,RB/WR/TE,75.4,62.4,49.4
2024,16,21,28,QB,21.259999999999998,21.259999999999998,21.259999999999998
2024,16,21,28,RB/WR/TE,85.4,69.9,54.4
2024,16,22,4,QB,11.16,11.16,11.16
2024,16,22,4,RB/WR/TE,58.6,50.6,42.6
2024,16,23,12,QB,12.64,12.64,12.64
2024,16,23,12,RB/WR/TE,81.4,72.9,64.39999999999999
2024,16,24,2,QB,6.38,6.38,6.38
2024,16,24,2,RB/WR/TE,62.6,53.6,44.6
2024,16,25,17,QB,6.0,6.0,6.0
2024,16,25,17,RB/WR/TE,51.5,44.5,37.5
2024,16,26,32,QB,34.42,34.42,34.42
2024,16,26,32,RB/WR/TE,76.8,64.8,52.8
2024,16,27,3,QB,20.48,20.48,20.48
2024,16,27,3,RB/WR/TE,73.5,66.0,58.5
2024,16,28,21,QB,22.94,22.94,22.94
2024,16,28,21,RB/WR/TE,71.6,60.6,49.6
2024,16,29,20,QB,12.5,12.5,12.5
2024,16,29,20,RB/WR/TE,72.3,61.3,50.3
2024,16,3,27,QB,13.38,13.38,13.38
2024,16,3,27,RB/WR/TE,64.7,53.7,42.7
2024,16,30,9,QB,15.32,15.32,15.32
2024,16,30,9,RB/WR/TE,70.8,57.8,44.8
2024,16,31,14,QB,20.24,20.24,20.24
2024,16,31,14,RB/WR/TE,70.6,67.1,63.599999999999994
2024,16,32,26,QB,11.559999999999999,11.559999999999999,11.559999999999999
2024,16,32,26,RB/WR/TE,63.9,56.4,48.9
2024,16,4,22,QB,17.4,17.4,17.4
2024,16,4,22,RB/WR/TE,73.3,62.300000000000004,51.3
2024,16,5,1,QB,20.38,20.38,20.38
2024,16,5,1,RB/WR/TE,66.5,56.5,46.5
2024,16,6,11,QB,25.34,25.34,25.34
2024,16,6,11,RB/WR/TE,95.3,83.8,72.3
2024,16,7,8,QB,6.56,6.56,6.56
2024,16,7,8,RB/WR/TE,50.3,40.3,30.3
2024,16,8,7,QB,21.88,21.88,21.88
2024,16,8,7,RB/WR/TE,76.0,64.5,53.0
2024,16,9,30,QB,20.56,20.56,20.56
2024,16,9,30,RB/WR/TE,89.1,73.6,58.1
2024,17,1,17,QB,9.16,9.16,9.16
2024,17,1,17,RB/WR/TE,47.5,39.0,30.5
2024,17,10,7,QB,36.6,36.6,36.6
2024,17,10,7,RB/WR/TE,103.6,84.6,65.6
2024,17,11,29,QB,38.46,38.46,38.46
2024,17,11,29,RB/WR/TE,95.0,80.0,65.0
2024,17,12,21,QB,22.78,22.78,22.78
2024,17,12,21,RB/WR/TE,95.9,79.4,62.9
2024,17,13,3,QB,30.060000000000002,30.060000000000002,30.060000000000002
2024,17,13,3,RB/WR/TE,63.8,58.3,52.8
2024,17,14,24,QB,34.62,34.62,34.62
2024,17,14,24,RB/WR/TE,80.2,71.7,63.2
2024,17,15,31,QB,12.02,12.02,12.02
2024,17,15,31,RB/WR/TE,57.2,47.7,38.2
2024,17,16,27,QB,15.600000000000001,15.600000000000001,15.600000000000001
2024,17,16,27,RB/WR/TE,56.3,44.8,33.3
2024,17,17,1,QB,16.04,16.04,16.04
2024,17,17,1,RB/WR/TE,79.9,63.4,46.9
2024,17,18,22,QB,10.3,10.3,10.3
2024,17,18,22,RB/WR/TE,36.4,29.9,23.4
2024,17,19,23,QB,13.32,13.32,13.32
2024,17,19,23,RB/WR/TE,51.3,41.3,31.3
2024,17,2,32,QB,31.279999999999998,31.279999999999998,31.279999999999998
2024,17,2,32,RB/WR/TE,80.1,68.1,56.1
2024,17,20,8,QB,3.8,3.8,3.8
2024,17,20,8,RB/WR/TE,51.4,39.4,27.4
2024,17,21,12,QB,12.0,12.0,12.0
2024,17,21,12,RB/WR/TE,63.300000000000004,53.800000000000004,44.3
2024,17,22,18,QB,25.740000000000002,25.740000000000002,25.740000000000002
2024,17,22,18,RB/WR/TE,90.3,77.3,64.3
2024,17,23,19,QB,17.62,17.62,17.62
2024,17,23,19,RB/WR/TE,72.0,62.0,52.0
2024,17,24,14,QB,15.3,15.3,15.3
2024,17,24,14,RB/WR/TE,95.5,82.5,69.5
2024,17,25,4,QB,29.14,29.14,29.14
2024,17,25,4,RB/WR/TE,74.7,66.2,57.7
2024,17,26,9,QB,6.22,6.22,6.22
2024,17,26,9,RB/WR/TE,45.2,37.2,29.2
2024,17,27,16,QB,26.0,26.0,26.0
2024,17,27,16,RB/WR/TE,90.7,76.2,61.7
2024,17,28,6,QB,5.82,5.82,5.82
2024,17,28,6,RB/WR/TE,32.9,24.9,16.9
2024,17,29,11,QB,22.18,22.18,22.18
2024,17,29,11,RB/WR/TE,97.7,84.7,71.7
2024,17,3,13,QB,6.34,6.34,6.34
2024,17,3,13,RB/WR/TE,42.2,33.2,24.2
2024,17,30,5,QB,16.48,16.48,16.48
2024,17,30,5,RB/WR/TE,49.3,41.8,34.3
2024,17,31,15,QB,16.86,16.86,16.86
2024,17,31,15,RB/WR/TE,54.7,47.2,39.7
2024,17,32,2,QB,11.22,11.22,11.22
2024,17,32,2,RB/WR/TE,71.6,62.1,52.6
2024,17,4,25,QB,13.12,13.12,13.12
2024,17,4,25,RB/WR/TE,62.8,51.3,39.8
2024,17,5,30,QB,34.36,34.36,34.36
2024,17,5,30,RB/WR/TE,113.39999999999999,99.9,86.4
2024,17,6,28,QB,8.3,8.3,8.3
2024,17,6,28,RB/WR/TE,41.3,32.8,24.3
2024,17,7,10,QB,21.86,21.86,21.86
2024,17,7,10,RB/WR/TE,73.1,61.099999999999994,49.1
2024,17,8,20,QB,24.2,24.2,24.2
2024,17,8,20,RB/WR/TE,52.7,41.7,30.7
2024,17,9,26,QB,26.919999999999998,26.919999999999998,26.919999999999998
2024,17,9,26,RB/WR/TE,67.7,61.2,54.699999999999996
2024,18,1,29,QB,22.94,22.94,22.94
2024,18,1,29,RB/WR/TE,86.0,71.5,57.0
2024,18,10,16,QB,3.92,3.92,3.92
2024,18,10,16,RB/WR/TE,22.3,17.3,12.299999999999999
2024,18,11,21,QB,7.64,7.64,7.64
2024,18,11,21,RB/WR/TE,45.6,36.6,27.6
2024,18,12,6,QB,9.08,9.08,9.08
2024,18,12,6,RB/WR/TE,51.5,41.0,30.5
2024,18,13,31,QB,13.100000000000001,13.100000000000001,13.100000000000001
2024,18,13,31,RB/WR/TE,53.7,45.7,37.7
2024,18,14,15,QB,12.46,12.46,12.46
2024,18,14,15,RB/WR/TE,64.2,54.2,44.2
2024,18,15,14,QB,14.56,14.56,14.56
2024,18,15,14,RB/WR/TE,79.1,67.6,56.099999999999994
2024,18,16,10,QB,33.34,33.34,33.34
2024,18,16,10,RB/WR/TE,99.4,86.4,73.4
2024,18,17,28,QB,26.32,26.32,26.32
2024,18,17,28,RB/WR/TE,77.5,67.5,57.5
2024,18,18,19,QB,16.3,16.3,16.3
2024,18,18,19,RB/WR/TE,62.1,49.6,37.1
2024,18,19,18,QB,26.04,26.04,26.04
2024,18,19,18,RB/WR/TE,90.1,76.1,62.1
2024,18,2,5,QB,36.44,36.44,36.44
2024,18,2,5,RB/WR/TE,90.86,77.86,64.86
2024,18,20,25,QB,24.96,24.96,24.96
2024,18,20,25,RB/WR/TE,88.7,77.2,65.7
2024,18,21,11,QB,9.24,9.24,9.24
2024,18,21,11,RB/WR/TE,91.89999999999999,78.39999999999999,64.89999999999999
2024,18,22,4,QB,10.48,10.48,10.48
2024,18,22,4,RB/WR/TE,55.0,46.0,37.0
2024,18,23,30,QB,21.64,21.64,21.64
2024,18,23,30,RB/WR/TE,72.5,62.0,51.5
2024,18,24,26,QB,18.86,18.86,18.86
2024,18,24,26,RB/WR/TE,70.89999999999999,57.4,43.9
2024,18,25,20,QB,8.76,8.76,8.76
2024,18,25,20,RB/WR/TE,69.80000000000001,57.300000000000004,44.800000000000004
2024,18,26,24,QB,7.52,7.52,7.52
2024,18,26,24,RB/WR/TE,50.800000000000004,39.800000000000004,28.8
2024,18,27,7,QB,12.98,12.98,12.98
2024,18,27,7,RB/WR/TE,77.60000000000001,59.1,40.6
2024,18,28,17,QB,19.86,19.86,19.86
2024,18,28,17,RB/WR/TE,80.3,66.8,53.3
2024,18,29,1,QB,28.08,28.08,28.08
2024,18,29,1,RB/WR/TE,95.7,83.2,70.7
2024,18,3,8,QB,7.82,7.82,7.82
2024,18,3,8,RB/WR/TE,47.400000000000006,38.4,29.4
2024,18,30,23,QB,14.7,14.7,14.7
2024,18,30,23,RB/WR/TE,61.3,48.3,35.3
2024,18,31,13,QB,12.219999999999999,12.219999999999999,12.219999999999999
2024,18,31,13,RB/WR/TE,65.2,56.199999999999996,47.199999999999996
2024,18,32,9,QB,12.36,12.36,12.36
2024,18,32,9,RB/WR/TE,62.8,52.800000000000004,42.800000000000004
2024,18,4,22,QB,19.24,19.24,19.24
2024,18,4,22,RB/WR/TE,58.2,47.2,36.199999999999996
2024,18,5,2,QB,24.98,24.98,24.98
2024,18,5,2,RB/WR/TE,98.4,87.9,77.4
2024,18,6,12,QB,5.74,5.74,5.74
2024,18,6,12,RB/WR/TE,62.6,54.6,46.6
2024,18,7,27,QB,11.56,11.56,11.56
2024,18,7,27,RB/WR/TE,49.7,41.2,32.7
2024,18,8,3,QB,23.38,23.38,23.38
2024,18,8,3,RB/WR/TE,77.0,69.0,61.0
2024,18,9,32,QB,30.259999999999998,30.259999999999998,30.259999999999998
2024,18,9,32,RB/WR/TE,55.9,45.4,34.9
2024,1,1,4,ALL,94.88,85.88,76.88
2024,1,10,28,ALL,76.64,67.64,58.64
2024,1,11,17,ALL,100.68,83.68,66.68
2024,1,12,26,ALL,99.32000000000001,89.32000000000001,79.32
2024,1,13,14,ALL,79.08,74.58,70.08
2024,1,14,13,ALL,104.26,92.26,80.26
2024,1,15,20,ALL,94.42,82.92,71.42
2024,1,16,3,ALL,96.72,83.72,70.72
2024,1,17,11,ALL,84.67999999999999,75.67999999999999,66.67999999999999
2024,1,18,19,ALL,73.08,60.58,48.08
2024,1,19,18,ALL,70.76,62.26,53.76
2024,1,2,27,ALL,53.36,44.86,36.36
2024,1,20,15,ALL,61.48,55.48,49.48
2024,1,21,24,ALL,52.24,41.24,30.240000000000002
2024,1,22,7,ALL,54.96,44.46,33.96
2024,1,23,5,ALL,41.34,34.84,28.34
2024,1,24,21,ALL,81.22,71.72,62.22
2024,1,25,29,ALL,81.94,72.44,62.94
2024,1,26,12,ALL,93.7,85.2,76.7
2024,1,27,2,ALL,50.6,42.6,34.6
2024,1,28,10,ALL,55.46,42.46,29.46
2024,1,29,25,ALL,76.36,66.86,57.36
2024,1,3,16,ALL,87.94,77.94,67.94
2024,1,30,32,ALL,75.68,67.18,58.68
2024,1,31,6,ALL,35.42,28.42,21.42
2024,1,32,30,ALL,116.92,104.92,92.92
2024,1,4,1,ALL,70.08,59.58,49.08
2024,1,5,23,ALL,107.0,97.5,88.0
2024,1,6,31,ALL,60.78,51.28,41.78
2024,1,7,22,ALL,54.94,47.44,39.94
2024,1,8,9,ALL,71.46,61.96,52.46
2024,1,9,8,ALL,68.96,56.96,44.96
2024,2,1,17,ALL,58.54,49.04,39.54
2024,2,10,27,ALL,53.68,47.18,40.68
2024,2,11,30,ALL,58.9,52.9,46.9
2024,2,12,14,ALL,63.56,55.06,46.56
2024,2,13,6,ALL,56.6,45.1,33.6
2024,2,14,12,ALL,64.28,58.28,52.28
2024,2,15,8,ALL,67.54,56.54,45.54
2024,2,16,7,ALL,84.52,73.02,61.52
2024,2,17,1,ALL,117.94,109.44,100.94
2024,2,18,5,ALL,36.76,27.76,18.759999999999998
2024,2,19,3,ALL,84.88,74.38,63.88
2024,2,2,26,ALL,82.56,71.06,59.559999999999995
2024,2,20,4,ALL,65.25999999999999,58.76,52.26
2024,2,21,29,ALL,94.86,80.86,66.86
2024,2,22,28,ALL,99.38,82.88,66.38
2024,2,23,9,ALL,82.52,68.52,54.52
2024,2,24,32,ALL,76.28,64.78,53.28
2024,2,25,31,ALL,70.88,61.379999999999995,51.879999999999995
2024,2,26,2,ALL,88.94,78.94,68.94
2024,2,27,10,ALL,56.56,46.56,36.56
2024,2,28,22,ALL,70.36,62.86,55.36
2024,2,29,21,ALL,85.12,76.62,68.12
2024,2,3,19,ALL,85.34,70.34,55.339999999999996
2024,2,30,11,ALL,92.88,75.88,58.88
2024,2,31,25,ALL,78.74,69.74,60.74
2024,2,32,24,ALL,77.92,69.92,61.92
2024,2,4,20,ALL,74.4,61.9,49.4
2024,2,5,18,ALL,76.1,69.1,62.1
2024,2,6,13,ALL,74.89999999999999,63.4,51.9
2024,2,7,16,ALL,68.03999999999999,59.04,50.04
2024,2,8,15,ALL,63.5,56.5,49.5
2024,2,9,23,ALL,106.02,100.52,95.02
2024,3,1,11,ALL,85.76,76.76,67.76
2024,3,10,30,ALL,63.34,50.84,38.34
2024,3,11,1,ALL,65.68,55.18,44.68
2024,3,12,31,ALL,79.7,66.7,53.7
2024,3,13,21,ALL,94.14,85.64,77.14
2024,3,14,6,ALL,104.12,87.62,71.12
2024,3,15,4,ALL,125.44,113.44,101.44
2024,3,16,2,ALL,73.9,63.9,53.9
2024,3,17,29,ALL,102.2,91.2,80.2
2024,3,18,27,ALL,84.7,72.2,59.699999999999996
2024,3,19,5,ALL,119.76,106.76,93.76
2024,3,2,16,ALL,87.18,74.18,61.18
2024,3,20,28,ALL,93.19999999999999,80.19999999999999,67.19999999999999
2024,3,21,13,ALL,80.78,66.78,52.78
2024,3,22,25,ALL,105.64,92.14,78.64
2024,3,23,26,ALL,98.16,83.66,69.16
2024,3,24,8,ALL,71.34,60.84,50.34
2024,3,25,22,ALL,39.2,31.200000000000003,23.2
2024,3,26,23,ALL,50.78,43.78,36.78
2024,3,27,18,ALL,50.96,43.96,36.96
2024,3,28,20,ALL,53.24,43.24,33.24
2024,3,29,17,ALL,78.46,70.46,62.46
2024,3,3,9,ALL,110.16,96.16,82.16
2024,3,30,10,ALL,79.4,66.9,54.4
2024,3,31,12,ALL,77.88,71.38,64.88
2024,3,32,7,ALL,122.75999999999999,108.26,93.76
2024,3,4,15,ALL,69.2,56.2,43.2
2024,3,5,19,ALL,97.94,84.44,70.94
2024,3,6,14,ALL,62.38,57.38,52.38
2024,3,7,32,ALL,105.36,94.86,84.36
2024,3,8,24,ALL,92.74000000000001,80.74000000000001,68.74000000000001
2024,3,9,3,ALL,92.88,86.88000000000001,80.88000000000001
2024,4,1,32,ALL,112.22,99.22,86.22
2024,4,10,25,ALL,55.96,44.46,32.96
2024,4,11,28,ALL,129.12,110.12,91.12
2024,4,12,21,ALL,99.67999999999999,90.17999999999999,80.67999999999999
2024,4,13,15,ALL,79.14,70.14,61.14
2024,4,14,27,ALL,94.03999999999999,83.53999999999999,73.03999999999999
2024,4,15,13,ALL,113.10000000000001,99.60000000000001,86.1
2024,4,16,18,ALL,56.559999999999995,48.559999999999995,40.559999999999995
2024,4,17,6,ALL,74.5,66.0,57.5
2024,4,18,16,ALL,75.4,65.9,56.4
2024,4,19,8,ALL,65.84,53.84,41.84
2024,4,2,23,ALL,90.56,76.56,62.559999999999995
2024,4,20,31,ALL,51.6,45.6,39.6
2024,4,21,12,ALL,129.44,113.44,97.44
2024,4,22,29,ALL,77.76,70.76,63.760000000000005
2024,4,23,2,ALL,61.12,50.62,40.12
2024,4,24,9,ALL,80.94,69.94,58.940000000000005
2024,4,25,10,ALL,41.0,35.0,29.0
2024,4,26,30,ALL,121.67999999999999,106.67999999999999,91.67999999999999
2024,4,27,14,ALL,91.76,82.25999999999999,72.76
2024,4,28,11,ALL,116.18,106.68,97.18
2024,4,29,22,ALL,53.06,43.56,34.06
2024,4,3,4,ALL,53.88,45.38,36.88
2024,4,30,26,ALL,65.42,56.42,47.42
2024,4,31,20,ALL,42.04,35.04,28.04
2024,4,32,1,ALL,68.68,60.68,52.68
2024,4,4,3,ALL,98.98,91.98,84.98
2024,4,5,7,ALL,100.08,89.08,78.08
2024,4,6,17,ALL,65.25999999999999,55.26,45.26
2024,4,7,5,ALL,95.3,82.8,70.3
2024,4,8,19,ALL,63.5,56.5,49.5
2024,4,9,24,ALL,71.34,56.84,42.339999999999996
2024,5,1,29,ALL,72.16,62.66,53.16
2024,5,10,19,ALL,75.84,64.84,53.839999999999996
2024,5,12,17,ALL,89.1,75.1,61.1
2024,5,13,4,ALL,58.34,53.84,49.34
2024,5,14,15,ALL,120.44,106.44,92.44
2024,5,15,14,ALL,131.8,114.8,97.8
2024,5,16,23,ALL,68.08,58.08,48.08
2024,5,17,12,ALL,82.96,75.46,67.96
2024,5,19,10,ALL,84.74,75.24,65.74
2024,5,2,30,ALL,88.19999999999999,78.69999999999999,69.19999999999999
2024,5,20,22,ALL,61.800000000000004,52.800000000000004,43.8
2024,5,21,25,ALL,80.76,66.26,51.76
2024,5,22,20,ALL,72.06,63.06,54.06
2024,5,23,16,ALL,96.24,82.24,68.24
2024,5,24,28,ALL,85.96,71.96,57.96
2024,5,25,21,ALL,53.68,46.18,38.68
2024,5,27,9,ALL,103.48,88.98,74.48
2024,5,28,24,ALL,100.48,88.98,77.47999999999999
2024,5,29,1,ALL,77.2,67.7,58.2
2024,5,3,7,ALL,139.98000000000002,124.98,109.98
2024,5,30,2,ALL,159.12,138.12,117.12
2024,5,32,8,ALL,54.14,46.14,38.14
2024,5,4,13,ALL,95.74,81.74,67.74
2024,5,5,6,ALL,113.36,103.36,93.36
2024,5,6,5,ALL,62.38,50.88,39.38
2024,5,7,3,ALL,134.54,121.53999999999999,108.53999999999999
2024,5,8,32,ALL,93.53999999999999,86.03999999999999,78.53999999999999
2024,5,9,27,ALL,64.76,56.76,48.76
2024,6,1,12,ALL,114.02,103.02,92.02
2024,6,10,18,ALL,82.98,72.48,61.98
2024,6,11,9,ALL,51.660000000000004,39.16,26.66
2024,6,12,1,ALL,65.58,54.58,43.58
2024,6,13,22,ALL,84.22,74.22,64.22
2024,6,14,31,ALL,58.46,50.46,42.46
2024,6,15,6,ALL,113.98,102.48,90.98
2024,6,18,10,ALL,76.24,66.74,57.24
2024,6,19,27,ALL,70.5,63.5,56.5
2024,6,2,5,ALL,85.62,72.62,59.620000000000005
2024,6,22,13,ALL,106.08,96.08,86.08
2024,6,23,30,ALL,142.44,130.44,118.44
2024,6,24,7,ALL,70.22,60.72,51.22
2024,6,25,4,ALL,90.0,80.5,71.0
2024,6,26,8,ALL,49.519999999999996,41.519999999999996,33.519999999999996
2024,6,27,19,ALL,74.18,60.68,47.18
2024,6,28,29,ALL,112.5,103.5,94.5
2024,6,29,28,ALL,89.72,74.72,59.72
2024,6,3,32,ALL,86.86,74.86,62.86
2024,6,30,23,ALL,78.12,67.12,56.120000000000005
2024,6,31,14,ALL,75.16,64.16,53.16
2024,6,32,3,ALL,102.82,92.82,82.82
2024,6,4,25,ALL,96.19999999999999,84.69999999999999,73.19999999999999
2024,6,5,2,ALL,96.46000000000001,86.96000000000001,77.46000000000001
2024,6,6,15,ALL,80.4,68.4,56.4
2024,6,7,24,ALL,66.6,55.6,44.6
2024,6,8,26,ALL,84.56,76.56,68.56
2024,6,9,11,ALL,126.3,116.8,107.3
2024,7,1,18,ALL,79.76,66.26,52.76
2024,7,10,23,ALL,73.1,59.1,45.1
2024,7,11,21,ALL,86.16,75.16,64.16
2024,7,12,13,ALL,48.239999999999995,43.239999999999995,38.239999999999995
2024,7,13,12,ALL,89.56,77.56,65.56
2024,7,14,20,ALL,65.84,58.339999999999996,50.839999999999996
2024,7,15,22,ALL,88.44,75.44,62.44
2024,7,16,29,ALL,62.919999999999995,54.419999999999995,45.919999999999995
2024,7,17,19,ALL,54.04,43.54,33.04
2024,7,18,1,ALL,66.39999999999999,59.4,52.4
2024,7,19,17,ALL,57.06,50.06,43.06
2024,7,2,28,ALL,89.18,79.68,70.18
2024,7,20,14,ALL,47.56,42.56,37.56
2024,7,21,11,ALL,111.5,100.5,89.5
2024,7,22,15,ALL,81.12,73.62,66.12
2024,7,23,10,ALL,71.26,63.260000000000005,55.260000000000005
2024,7,24,26,ALL,80.86,75.86,70.86
2024,7,25,27,ALL,99.96000000000001,91.96000000000001,83.96000000000001
2024,7,26,24,ALL,38.74,30.240000000000002,21.74
2024,7,27,25,ALL,80.04,68.04,56.04
2024,7,28,2,ALL,84.8,72.3,59.800000000000004
2024,7,29,16,ALL,75.86,67.86,59.86
2024,7,3,30,ALL,127.5,112.0,96.5
2024,7,30,3,ALL,129.04,120.54,112.04
2024,7,31,4,ALL,105.62,95.12,84.62
2024,7,32,5,ALL,36.96,30.46,23.96
2024,7,4,31,ALL,71.12,58.620000000000005,46.12
2024,7,5,32,ALL,96.84,86.84,76.84
2024,7,7,8,ALL,89.48,73.98,58.48
2024,7,8,7,ALL,68.64,61.14,53.64
2024,8,1,20,ALL,97.62,83.62,69.62
2024,8,10,5,ALL,78.82000000000001,66.82000000000001,54.82
2024,8,11,31,ALL,83.03999999999999,72.03999999999999,61.04
2024,8,12,15,ALL,95.22,84.72,74.22
2024,8,13,14,ALL,63.14,58.14,53.14
2024,8,14,13,ALL,89.5,77.0,64.5
2024,8,15,12,ALL,91.47999999999999,82.48,73.48
2024,8,16,19,ALL,74.56,62.559999999999995,50.56
2024,8,17,21,ALL,78.0,69.0,60.0
2024,8,18,23,ALL,69.8,59.3,48.8
2024,8,19,16,ALL,95.88,82.38,68.88
2024,8,2,30,ALL,117.5,99.0,80.5
2024,8,20,1,ALL,99.94,87.44,74.94
2024,8,21,17,ALL,113.06,100.56,88.06
2024,8,22,25,ALL,86.82,78.32,69.82
2024,8,23,18,ALL,97.26,87.26,77.26
2024,8,24,27,ALL,83.62,73.62,63.620000000000005
2024,8,25,22,ALL,69.10000000000001,60.1,51.1
2024,8,26,7,ALL,76.6,63.6,50.6
2024,8,27,24,ALL,80.4,68.4,56.4
2024,8,28,4,ALL,110.02,98.02,86.02
2024,8,29,9,ALL,86.9,74.4,61.900000000000006
2024,8,3,8,ALL,109.76,96.25999999999999,82.75999999999999
2024,8,30,2,ALL,115.74000000000001,104.24000000000001,92.74000000000001
2024,8,31,11,ALL,96.69999999999999,89.2,81.7
2024,8,32,6,ALL,56.54,51.54,46.54
2024,8,4,28,ALL,57.38,46.88,36.38
2024,8,5,10,ALL,115.02,100.52,86.02
2024,8,6,32,ALL,93.44,82.94,72.44
2024,8,7,26,ALL,93.04,85.04,77.04
2024,8,8,3,ALL,101.86,90.36,78.86
2024,8,9,29,ALL,98.7,89.7,80.7
2024,9,1,6,ALL,59.28,48.28,37.28
2024,9,10,3,ALL,111.02,103.02,95.02
2024,9,11,12,ALL,79.02,67.52,56.02
2024,9,12,11,ALL,66.7,57.699999999999996,48.699999999999996
2024,9,13,25,ALL,76.2,65.7,55.2
2024,9,14,21,ALL,109.98,95.48,80.98
2024,9,15,26,ALL,109.89999999999999,100.89999999999999,91.89999999999999
2024,9,16,30,ALL,87.3,75.8,64.3
2024,9,17,28,ALL,106.52,96.02,85.52
2024,9,18,8,ALL,57.42,44.92,32.42
2024,9,19,7,ALL,123.14,109.64,96.14
2024,9,2,9,ALL,99.02,83.52,68.02
2024,9,20,4,ALL,95.3,82.8,70.3
2024,9,21,14,ALL,43.86,35.86,27.86
2024,9,22,31,ALL,89.0,79.0,69.0
2024,9,23,5,ALL,67.94,59.940000000000005,51.940000000000005
2024,9,24,32,ALL,85.16,77.66,70.16
2024,9,25,13,ALL,61.940000000000005,56.44,50.94
2024,9,26,15,ALL,53.66,45.66,37.66
2024,9,28,17,ALL,89.62,77.12,64.62
2024,9,3,10,ALL,71.7,61.699999999999996,51.699999999999996
2024,9,30,16,ALL,121.14,104.14,87.14
2024,9,31,22,ALL,80.24,65.74,51.24
2024,9,32,24,ALL,84.48,74.48,64.48
2024,9,4,20,ALL,99.46000000000001,86.96000000000001,74.46000000000001
2024,9,5,23,ALL,86.24,77.24,68.24
2024,9,6,1,ALL,69.86,63.36,56.86
2024,9,7,19,ALL,66.72,56.22,45.72
2024,9,8,18,ALL,97.96,88.96,79.96
2024,9,9,2,ALL,94.1,84.6,75.10000000000001
2024,10,1,25,ALL,49.04,38.04,27.04
2024,10,10,16,ALL,80.94,66.94,52.94
2024,10,11,13,ALL,69.08,59.58,50.08
2024,10,13,11,ALL,75.1,67.6,60.1
2024,10,14,4,ALL,82.7,71.7,60.699999999999996
2024,10,15,21,ALL,67.08,55.58,44.08
2024,10,16,10,ALL,79.9,68.9,57.900000000000006
2024,10,17,20,ALL,67.67999999999999,57.68,47.68
2024,10,18,31,ALL,75.7,66.7,57.7
2024,10,2,23,ALL,77.5,70.0,62.5
2024,10,20,17,ALL,76.12,60.120000000000005,44.120000000000005
2024,10,21,15,ALL,35.14,28.14,21.14
2024,10,22,6,ALL,40.1,32.1,24.1
2024,10,23,2,ALL,94.34,82.84,71.34
2024,10,24,5,ALL,65.58,58.08,50.58
2024,10,25,1,ALL,102.48,91.48,80.48
2024,10,26,9,ALL,25.94,17.439999999999998,8.94
2024,10,27,32,ALL,69.28,60.78,52.28
2024,10,29,30,ALL,61.239999999999995,52.239999999999995,43.24
2024,10,3,7,ALL,142.92,125.92,108.92
2024,10,30,29,ALL,101.92,89.42,76.92
2024,10,31,18,ALL,73.46000000000001,66.46000000000001,59.46
2024,10,32,27,ALL,87.8,80.8,73.8
2024,10,4,14,ALL,88.18,75.18,62.18
2024,10,5,24,ALL,71.3,60.300000000000004,49.3
2024,10,6,22,ALL,63.16,55.66,48.16
2024,10,7,3,ALL,121.5,109.0,96.5
2024,10,9,26,ALL,90.68,83.18,75.67999999999999
2024,11,10,2,ALL,50.58,40.58,30.58
2024,11,11,15,ALL,38.42,29.919999999999998,21.419999999999998
2024,11,12,6,ALL,85.24,73.74,62.239999999999995
2024,11,13,9,ALL,95.96000000000001,79.96,63.96
2024,11,14,25,ALL,83.96,72.96,61.96
2024,11,15,11,ALL,166.2,152.7,139.2
2024,11,16,4,ALL,100.08,86.58,73.08
2024,11,17,22,ALL,96.98,82.48,67.98
2024,11,18,7,ALL,119.84,105.84,91.84
2024,11,19,20,ALL,112.52000000000001,98.52000000000001,84.52000000000001
2024,11,2,10,ALL,125.08,111.58,98.08
2024,11,20,19,ALL,93.48,78.48,63.480000000000004
2024,11,21,31,ALL,69.6,61.1,52.6
2024,11,22,17,ALL,110.0,101.0,92.0
2024,11,23,8,ALL,111.9,96.9,81.9
2024,11,25,14,ALL,87.17999999999999,77.17999999999999,67.18
2024,11,26,32,ALL,72.24,61.24,50.24
2024,11,27,3,ALL,67.38,59.38,51.38
2024,11,28,29,ALL,70.36,59.86000000000001,49.36
2024,11,29,28,ALL,75.34,62.84,50.34
2024,11,3,27,ALL,61.9,50.4,38.9
2024,11,31,21,ALL,83.42,73.92,64.42
2024,11,32,26,ALL,89.74,80.74,71.74
2024,11,4,16,ALL,84.24,72.74000000000001,61.24
2024,11,6,12,ALL,80.14,73.64,67.14
2024,11,7,18,ALL,104.08,95.58,87.08
2024,11,8,23,ALL,114.92,103.92,92.92
2024,11,9,13,ALL,89.08000000000001,77.58,66.08
2024,12,1,28,ALL,72.06,61.059999999999995,50.059999999999995
2024,12,10,19,ALL,84.2,69.2,54.2
2024,12,11,14,ALL,44.18,38.68,33.18
2024,12,12,29,ALL,53.660000000000004,45.160000000000004,36.660000000000004
2024,12,13,31,ALL,92.12,83.12,74.12
2024,12,14,11,ALL,95.36,82.36,69.36
2024,12,16,5,ALL,82.32,71.82,61.32
2024,12,17,26,ALL,87.62,80.62,73.62
2024,12,18,3,ALL,94.28,86.28,78.28
2024,12,19,10,ALL,90.08,77.58,65.08
2024,12,20,22,ALL,67.68,56.68,45.68
2024,12,21,6,ALL,113.39999999999999,97.39999999999999,81.39999999999999
2024,12,22,20,ALL,123.88,109.38,94.88
2024,12,24,30,ALL,102.76,90.76,78.76
2024,12,26,17,ALL,87.32,75.32,63.32
2024,12,27,8,ALL,69.16,60.16,51.16
2024,12,28,1,ALL,68.16,56.160000000000004,44.160000000000004
2024,12,29,12,ALL,90.72,84.22,77.72
2024,12,3,18,ALL,71.82,61.32,50.82
2024,12,30,24,ALL,60.62,49.620000000000005,38.62
2024,12,31,13,ALL,74.58,64.58,54.58
2024,12,32,9,ALL,85.68,73.68,61.68
2024,12,5,16,ALL,111.58,98.08,84.58
2024,12,6,21,ALL,107.66,96.16,84.66
2024,12,8,27,ALL,84.8,74.3,63.800000000000004
2024,12,9,32,ALL,98.0,85.5,73.0
2024,13,1,21,ALL,78.7,68.2,57.7
2024,13,10,8,ALL,145.28,128.28,111.28
2024,13,11,6,ALL,93.64,83.64,73.64
2024,13,12,20,ALL,113.4,94.9,76.4
2024,13,13,15,ALL,90.34,78.33999999999999,66.34
2024,13,14,22,ALL,91.22,79.22,67.22
2024,13,15,13,ALL,83.52,72.52,61.519999999999996
2024,13,16,19,ALL,100.2,88.7,77.2
2024,13,17,23,ALL,74.06,62.06,50.06
2024,13,18,2,ALL,67.9,55.900000000000006,43.900000000000006
2024,13,19,16,ALL,81.48,68.98,56.480000000000004
2024,13,2,18,ALL,40.22,32.22,24.22
2024,13,20,12,ALL,96.76,86.26,75.76
2024,13,21,1,ALL,88.8,73.3,57.8
2024,13,22,14,ALL,63.66,57.660000000000004,51.660000000000004
2024,13,23,17,ALL,81.22,74.22,67.22
2024,13,24,9,ALL,76.7,66.2,55.7
2024,13,25,28,ALL,69.34,59.339999999999996,49.34
2024,13,26,3,ALL,92.78,81.28,69.78
2024,13,27,7,ALL,110.56,96.56,82.56
2024,13,28,25,ALL,71.8,61.3,50.8
2024,13,29,4,ALL,94.02,87.02,80.02
2024,13,3,26,ALL,57.419999999999995,51.919999999999995,46.419999999999995
2024,13,30,5,ALL,89.52,76.52,63.52
2024,13,31,32,ALL,126.54,114.04,101.54
2024,13,32,31,ALL,67.18,58.18,49.18
2024,13,4,29,ALL,39.86,34.36,28.86
2024,13,5,30,ALL,90.8,79.8,68.8
2024,13,6,11,ALL,89.64,79.14,68.64
2024,13,7,27,ALL,131.96,117.46,102.96
2024,13,8,10,ALL,87.75999999999999,78.76,69.76
2024,13,9,24,ALL,64.74,54.739999999999995,44.739999999999995
2024,14,1,28,ALL,96.22,84.22,72.22
2024,14,11,12,ALL,76.74,70.74,64.74
2024,14,12,11,ALL,116.86,100.86,84.86
2024,14,15,31,ALL,55.12,45.62,36.12
2024,14,16,18,ALL,76.22,65.72,55.22
2024,14,17,4,ALL,128.18,117.18,106.18
2024,14,18,16,ALL,73.0,61.0,49.0
2024,14,19,30,ALL,104.5,95.5,86.5
2024,14,2,21,ALL,138.08,127.08,116.08
2024,14,20,25,ALL,98.75999999999999,85.25999999999999,71.75999999999999
2024,14,21,2,ALL,93.56,82.06,70.56
2024,14,23,24,ALL,67.98,57.480000000000004,46.980000000000004
2024,14,24,23,ALL,73.66,63.66,53.660000000000004
2024,14,25,20,ALL,109.74,93.24,76.74000000000001
2024,14,26,5,ALL,71.53999999999999,62.04,52.54
2024,14,27,8,ALL,81.34,69.34,57.34
2024,14,28,1,ALL,89.36,76.86,64.36
2024,14,29,6,ALL,62.4,53.400000000000006,44.4
2024,14,30,19,ALL,62.8,51.3,39.8
2024,14,31,15,ALL,62.900000000000006,51.4,39.9
2024,14,4,17,ALL,120.8,109.3,97.8
2024,14,5,26,ALL,76.62,69.62,62.62
2024,14,6,29,ALL,114.2,104.2,94.2
2024,14,7,9,ALL,75.22,67.22,59.22
2024,14,8,27,ALL,73.42,65.92,58.42
2024,14,9,7,ALL,120.76,104.26,87.76
2024,15,1,22,ALL,69.94,60.44,50.94
2024,15,10,14,ALL,55.760000000000005,47.260000000000005,38.760000000000005
2024,15,11,4,ALL,137.38,125.88,114.38
2024,15,12,28,ALL,54.22,44.22,34.22
2024,15,13,20,ALL,64.58,50.08,35.58
2024,15,14,10,ALL,69.4,59.4,49.4
2024,15,15,25,ALL,103.0,95.0,87.0
2024,15,16,8,ALL,52.86,42.86,32.86
2024,15,17,29,ALL,38.18,31.18,24.18
2024,15,18,30,ALL,120.61999999999999,109.61999999999999,98.61999999999999
2024,15,19,2,ALL,51.480000000000004,45.980000000000004,40.480000000000004
2024,15,2,19,ALL,62.62,51.12,39.62
2024,15,20,13,ALL,58.54,49.54,40.54
2024,15,21,6,ALL,65.74,56.239999999999995,46.74
2024,15,22,1,ALL,91.78,79.28,66.78
2024,15,23,32,ALL,91.1,78.6,66.1
2024,15,24,3,ALL,126.60000000000001,116.10000000000001,105.6
2024,15,25,15,ALL,101.76,86.26,70.76
2024,15,26,27,ALL,45.72,38.72,31.72
2024,15,27,26,ALL,102.7,90.2,77.7
2024,15,28,12,ALL,90.06,80.06,70.06
2024,15,29,17,ALL,52.599999999999994,44.6,36.6
2024,15,3,24,ALL,68.24,57.24,46.24
2024,15,30,18,ALL,69.06,58.06,47.06
2024,15,31,7,ALL,104.04,91.04,78.04
2024,15,32,23,ALL,67.17999999999999,60.18,53.18
2024,15,4,11,ALL,163.85999999999999,144.86,125.86
2024,15,5,9,ALL,97.46000000000001,88.46000000000001,79.46
2024,15,6,21,ALL,87.74,75.74,63.74
2024,15,7,31,ALL,98.92,84.42,69.92
2024,15,8,16,ALL,85.26,74.76,64.26
2024,15,9,5,ALL,63.66,54.16,44.66
2024,16,1,5,ALL,101.42,92.92,84.42
2024,16,10,18,ALL,104.6,93.1,81.6
2024,16,11,6,ALL,95.06,82.06,69.06
2024,16,12,23,ALL,39.12,31.62,24.12
2024,16,13,16,ALL,98.8,84.8,70.8
2024,16,14,31,ALL,90.78,79.28,67.78
2024,16,15,19,ALL,78.88,66.88,54.88
2024,16,16,13,ALL,81.56,70.06,58.56
2024,16,17,25,ALL,79.34,65.34,51.34
2024,16,18,10,ALL,102.82,88.32,73.82
2024,16,19,15,ALL,78.78,66.28,53.78
2024,16,2,24,ALL,59.9,48.9,37.9
2024,16,20,29,ALL,96.52,83.52,70.52
2024,16,21,28,ALL,106.66,91.16,75.66
2024,16,22,4,ALL,69.76,61.76,53.76
2024,16,23,12,ALL,94.04,85.54,77.03999999999999
2024,16,24,2,ALL,68.98,59.980000000000004,50.980000000000004
2024,16,25,17,ALL,57.5,50.5,43.5
2024,16,26,32,ALL,111.22,99.22,87.22
2024,16,27,3,ALL,93.98,86.48,78.98
2024,16,28,21,ALL,94.54,83.54,72.54
2024,16,29,20,ALL,84.8,73.8,62.8
2024,16,3,27,ALL,78.08,67.08,56.08
2024,16,30,9,ALL,86.12,73.12,60.12
2024,16,31,14,ALL,90.83999999999999,87.33999999999999,83.83999999999999
2024,16,32,26,ALL,75.46,67.96000000000001,60.46
2024,16,4,22,ALL,90.7,79.7,68.7
2024,16,5,1,ALL,86.88,76.88,66.88
2024,16,6,11,ALL,120.64,109.14,97.64
2024,16,7,8,ALL,56.86,46.86,36.86
2024,16,8,7,ALL,97.88,86.38,74.88
2024,16,9,30,ALL,109.66,94.16,78.66
2024,17,1,17,ALL,56.66,48.16,39.66
2024,17,10,7,ALL,140.2,121.2,102.2
2024,17,11,29,ALL,133.46,118.46,103.46
2024,17,12,21,ALL,118.68,102.18,85.68
2024,17,13,3,ALL,93.86,88.36,82.86
2024,17,14,24,ALL,114.82000000000001,106.32,97.82
2024,17,15,31,ALL,69.22,59.72,50.22
2024,17,16,27,ALL,71.9,60.4,48.9
2024,17,17,1,ALL,95.94,79.44,62.94
2024,17,18,22,ALL,46.7,40.2,33.7
2024,17,19,23,ALL,64.62,54.62,44.62
2024,17,2,32,ALL,111.38,99.38,87.38
2024,17,20,8,ALL,55.2,43.2,31.200000000000003
2024,17,21,12,ALL,75.3,65.8,56.3
2024,17,22,18,ALL,116.04,103.04,90.04
2024,17,23,19,ALL,89.62,79.62,69.62
2024,17,24,14,ALL,110.8,97.8,84.8
2024,17,25,4,ALL,103.84,95.34,86.84
2024,17,26,9,ALL,51.42,43.42,35.42
2024,17,27,16,ALL,116.7,102.2,87.7
2024,17,28,6,ALL,38.72,30.72,22.72
2024,17,29,11,ALL,119.88,106.88,93.88
2024,17,3,13,ALL,48.54,39.54,30.54
2024,17,30,5,ALL,65.78,58.28,50.78
2024,17,31,15,ALL,71.56,64.06,56.56
2024,17,32,2,ALL,82.82000000000001,73.32000000000001,63.82
2024,17,4,25,ALL,75.92,64.42,52.92
2024,17,5,30,ALL,147.76,134.26,120.76
2024,17,6,28,ALL,49.6,41.1,32.6
2024,17,7,10,ALL,94.96,82.96,70.96
2024,17,8,20,ALL,76.89999999999999,65.9,54.9
2024,17,9,26,ALL,94.62,88.12,81.61999999999999
2024,18,1,29,ALL,108.94,94.44,79.94
2024,18,10,16,ALL,26.22,21.22,16.22
2024,18,11,21,ALL,53.24,44.24,35.24
2024,18,12,6,ALL,60.58,50.08,39.58
2024,18,13,31,ALL,66.8,58.800000000000004,50.8
2024,18,14,15,ALL,76.66,66.66,56.660000000000004
2024,18,15,14,ALL,93.66,82.16,70.66
2024,18,16,10,ALL,132.74,119.74000000000001,106.74000000000001
2024,18,17,28,ALL,103.82000000000001,93.82000000000001,83.82000000000001
2024,18,18,19,ALL,78.4,65.9,53.4
2024,18,19,18,ALL,116.14,102.14,88.14
2024,18,2,5,ALL,127.3,114.3,101.3
2024,18,20,25,ALL,113.66,102.16,90.66
2024,18,21,11,ALL,101.14,87.64,74.14
2024,18,22,4,ALL,65.48,56.480000000000004,47.480000000000004
2024,18,23,30,ALL,94.14,83.64,73.14
2024,18,24,26,ALL,89.75999999999999,76.26,62.76
2024,18,25,20,ALL,78.56,66.06,53.56
2024,18,26,24,ALL,58.32,47.32,36.32
2024,18,27,7,ALL,90.58,72.08,53.58
2024,18,28,17,ALL,100.16,86.66,73.16
2024,18,29,1,ALL,123.78,111.28,98.78
2024,18,3,8,ALL,55.220000000000006,46.22,37.22
2024,18,30,23,ALL,76.0,63.0,50.0
2024,18,31,13,ALL,77.42,68.42,59.419999999999995
2024,18,32,9,ALL,75.16,65.16,55.160000000000004
2024,18,4,22,ALL,77.44,66.44,55.44
2024,18,5,2,ALL,123.38000000000001,112.88000000000001,102.38
2024,18,6,12,ALL,68.34,60.34,52.34
2024,18,7,27,ALL,61.260000000000005,52.760000000000005,44.26
2024,18,8,3,ALL,100.38,92.38,84.38
2024,18,9,32,ALL,86.16,75.66,65.16
